run,rope_length_m,quality_valid,segment,component,duration_s,positive_integral_j_kg,negative_integral_j_kg,net_integral_j_kg,net_mean_power_w_kg,power_rms_w_kg,positive_time_ratio,injection_bias,acceleration_rms_m_s2,power_band_energy_w2_s_kg2,power_band_rms_w_kg,power_band_fraction,acceleration_band_energy_m2_s3,acceleration_band_rms_m_s2,acceleration_band_fraction,swing_energy_start_mean_j_kg,swing_energy_end_mean_j_kg,swing_energy_delta_sum_j_kg,swing_energy_peak_j_kg,swing_energy_rms_j_kg
L06_VALID,0.6,True,route,nominal_total,55.656,0.13531329422272675,-0.0930018261517353,0.042311468070991454,0.0007602319259557182,0.00842689114546344,0.48999568158917517,0.1853204816290571,0.06931241088309882,6.14481067455307e-05,0.0010507472404377412,0.07051708957024791,0.00713441043702068,0.011321997378599824,0.03928174758092598,0.017841349527265668,0.01523556818978654,-0.023452032037312165,0.056458182632923126,0.012928536880738445
L06_VALID,0.6,True,route,position_feedback,55.656,0.05473689049320077,-0.0672130984656479,-0.012476207972447126,-0.0002241664505614332,0.00417334940403604,0.5385058298546135,-0.10230593769596119,0.0351923539302847,0.00014039737470510706,0.0015882669481354097,0.31193803072095205,0.000866863003278581,0.003946564807932895,0.025164052492167854,0.017841349527265668,0.01523556818978654,-0.023452032037312165,0.056458182632923126,0.012928536880738445
L06_VALID,0.6,True,route,velocity_error_combined,55.656,0.1273599932171543,-0.07257232391732422,0.054787669299830075,0.0009843982553512662,0.007033322744152823,0.4984885562113142,0.27403108254369296,0.059819649194651485,6.647889293923737e-05,0.0010929137607072884,0.10051576857361973,0.006276194963975792,0.01061921021002447,0.04677332064325999,0.017841349527265668,0.01523556818978654,-0.023452032037312165,0.056458182632923126,0.012928536880738445
L06_VALID,0.6,True,route,velocity_reference,55.656,0.7472732446726298,-0.6995663815488515,0.047706863123778254,0.000857173766058974,0.05206795752843359,0.20656398445372104,0.03297315214428286,0.4724237793747786,0.06791263213055855,0.03493166498160673,0.5063109336676139,0.0014258458011284579,0.005061512169231447,0.005481533687022159,0.017841349527265668,0.01523556818978654,-0.023452032037312165,0.056458182632923126,0.012928536880738445
L06_VALID,0.6,True,route,velocity_state_feedback,55.656,0.7789916202145519,-0.7719108148293948,0.007080805385157096,0.0001272244750818797,0.05238789441496088,0.49661724485389375,0.004565603370760361,0.48141447308214674,0.07144544984784672,0.03582871994326434,0.5045240344937851,0.009678297801921205,0.013186923763709455,0.022784318983942738,0.017841349527265668,0.01523556818978654,-0.023452032037312165,0.056458182632923126,0.012928536880738445
L06_VALID,0.6,True,route,acceleration_damping,55.656,0.0,0.0,0.0,0.0,0.0,0.0,nan,0.0,0.0,0.0,nan,0.0,0.0,nan,0.017841349527265668,0.01523556818978654,-0.023452032037312165,0.056458182632923126,0.012928536880738445
L06_VALID,0.6,True,route,z3_disturbance,55.656,0.05607615171457316,-0.053342721579131475,0.0027334301354416876,4.9112946231164434e-05,0.0032632380054000184,0.526846120627609,0.02498134054172311,0.03428924366761259,0.00015815766114211615,0.001685734293050082,0.4088338078930645,0.0015355377929152942,0.005252599158306281,0.054133548116971436,0.017841349527265668,0.01523556818978654,-0.023452032037312165,0.056458182632923126,0.012928536880738445
L06_VALID,0.6,True,route,velocity_tracking_actual,55.656,0.1273824015301772,-0.22356774119250117,-0.09618533966232398,-0.0017282115075162423,0.011637165200532608,0.3925435439758169,-0.2740712367748768,0.09783454684253844,0.000174866475195112,0.0017725450542762713,0.07826783648370077,0.03708193397184651,0.025812210191704082,0.10404541885132008,0.017841349527265668,0.01523556818978654,-0.023452032037312165,0.056458182632923126,0.012928536880738445
L06_VALID,0.6,True,route,velocity_observer_estimation,55.656,0.1893018855653182,-0.03832372315906586,0.15097816240625234,0.002712702357450272,0.007389058483784536,0.6758312940837772,0.6632740632845983,0.06252418781340746,5.502402541285206e-05,0.0009943062844487652,0.05178867056092855,0.028620166303395204,0.02267671183676166,0.18317339095073992,0.017841349527265668,0.01523556818978654,-0.023452032037312165,0.056458182632923126,0.012928536880738445
L06_VALID,0.6,True,motion,nominal_total,24.716,0.11047274107940039,-0.04818972620341211,0.06228301487598828,0.0025199471951767387,0.011549277353393414,0.5318181818181819,0.39255039923821505,0.0866102391659792,3.455898003890217e-05,0.0011824733590306423,0.054564617146642465,0.0028159803802862817,0.010673963639099822,0.026933580431529353,0.001318132010055706,0.03261996852234006,0.1252073460491374,0.050978463143110275,0.017014124659065277
L06_VALID,0.6,True,motion,position_feedback,24.716,0.036709341807630386,-0.03617883333021274,0.0005305084774176461,2.146417209166718e-05,0.004844271725288889,0.5477272727272727,0.0072783887978313385,0.04024339635108858,0.00012139626416240746,0.002216223561601188,0.3296643769600678,0.0005042667515845743,0.004516906220219389,0.02508107763946911,0.001318132010055706,0.03261996852234006,0.1252073460491374,0.050978463143110275,0.017014124659065277
L06_VALID,0.6,True,motion,velocity_error_combined,24.716,0.09857913293574533,-0.03682663345438984,0.061752499481355486,0.0024984827432171664,0.009660195495156728,0.5084415584415585,0.4560551675726447,0.07275459322601581,6.055233978345956e-05,0.001565223541971958,0.10869598954808611,0.0030566763982814147,0.011120789967661087,0.038419425946367526,0.001318132010055706,0.03261996852234006,0.1252073460491374,0.050978463143110275,0.017014124659065277
L06_VALID,0.6,True,motion,velocity_reference,24.716,0.7472732446726298,-0.6995663815488515,0.047706863123778254,0.0019302016153009487,0.07813352965031674,0.4659090909090909,0.03297315214428286,0.708922322392553,0.06791263213055855,0.052418693014506065,0.5063109336676139,0.0014258458011284579,0.007595339435661971,0.005481533687022159,0.001318132010055706,0.03261996852234006,0.1252073460491374,0.050978463143110275,0.017014124659065277
L06_VALID,0.6,True,motion,velocity_state_feedback,24.716,0.7502107599331429,-0.7361651243664603,0.01404563556668259,0.0005682810959169198,0.07849859762395117,0.5042207792207792,0.009449585205899011,0.7204977876817249,0.07143952329469093,0.053762589764713625,0.5048540169651233,0.006458779236226828,0.016165387775886036,0.017448785929989268,0.001318132010055706,0.03261996852234006,0.1252073460491374,0.050978463143110275,0.017014124659065277
L06_VALID,0.6,True,motion,acceleration_damping,24.716,0.0,0.0,0.0,0.0,0.0,0.0,nan,0.0,0.0,0.0,nan,0.0,0.0,nan,0.001318132010055706,0.03261996852234006,0.1252073460491374,0.050978463143110275,0.017014124659065277
L06_VALID,0.6,True,motion,z3_disturbance,24.716,0.03898705886593964,-0.036363159937036316,0.002623898928903322,0.000106161956987511,0.004337114496172973,0.537012987012987,0.03482271147432542,0.04314708347465652,0.00014931699113527176,0.0024579074259787844,0.44570086383909996,0.001031746302838438,0.0064609646871344,0.06856693449474088,0.001318132010055706,0.03261996852234006,0.1252073460491374,0.050978463143110275,0.017014124659065277
L06_VALID,0.6,True,motion,velocity_tracking_actual,24.716,0.10733681744891552,-0.11749993626143057,-0.010163118812515054,-0.000411195938360376,0.014324430815829039,0.412012987012987,-0.04520221291581203,0.11545834355846177,0.00014902403939082682,0.002455495102426971,0.08323366586689747,0.03078332442753831,0.0352913820731063,0.13147437595566303,0.001318132010055706,0.03261996852234006,0.1252073460491374,0.050978463143110275,0.017014124659065277
L06_VALID,0.6,True,motion,velocity_observer_estimation,24.716,0.10157338216757786,-0.029650260839058452,0.07192312132851941,0.002909982251518021,0.008163344462760912,0.6837662337662338,0.5480957522638057,0.07036562000459189,3.825411280282306e-05,0.0012440847708621295,0.04793412356677575,0.022675928970313047,0.030289593901502838,0.2171530008551843,0.001318132010055706,0.03261996852234006,0.1252073460491374,0.050978463143110275,0.017014124659065277
L06_VALID,0.6,True,motion_acceleration,nominal_total,3.967999999999975,0.03847004957160488,-0.0032117804937625075,0.03525826907784237,0.008885652489375654,0.016969260295451264,0.6593186372745491,0.845890620026729,0.10284050861751144,0.0,0.0,0.0,0.0,0.0,0.0,0.001318132010055706,0.02597045572474599,0.09860929485876113,0.04161040484905243,0.01673124420023361
L06_VALID,0.6,True,motion_acceleration,position_feedback,3.967999999999975,0.008713524684327383,-0.0009253364294952398,0.007788188254832143,0.0019627490561573064,0.004193308125611334,0.6933867735470942,0.8079988043051559,0.026646789254224246,0.0,0.0,0.0,0.0,0.0,0.0,0.001318132010055706,0.02597045572474599,0.09860929485876113,0.04161040484905243,0.01673124420023361
L06_VALID,0.6,True,motion_acceleration,velocity_error_combined,3.967999999999975,0.030345139937446013,-0.0028750604595588957,0.027470079477887117,0.0069229030942256275,0.013160513025076509,0.6513026052104208,0.8269089033058267,0.08155319219092837,0.0,0.0,0.0,0.0,0.0,0.0,0.001318132010055706,0.02597045572474599,0.09860929485876113,0.04161040484905243,0.01673124420023361
L06_VALID,0.6,True,motion_acceleration,velocity_reference,3.967999999999975,0.18803737240913204,-0.016967228396511956,0.17107014401262008,0.0431124354870517,0.08039980830250881,0.46693386773547096,0.8344697794114596,0.4388429594323854,0.0,0.0,0.0,0.0,0.0,0.0,0.001318132010055706,0.02597045572474599,0.09860929485876113,0.04161040484905243,0.01673124420023361
L06_VALID,0.6,True,motion_acceleration,velocity_state_feedback,3.967999999999975,0.01675386124157372,-0.16035392673877394,-0.14360006549720022,-0.03618953263538335,0.06839018299612361,0.4308617234468938,-0.8108060471803445,0.3769437973954374,0.0,0.0,0.0,0.0,0.0,0.0,0.001318132010055706,0.02597045572474599,0.09860929485876113,0.04161040484905243,0.01673124420023361
L06_VALID,0.6,True,motion_acceleration,acceleration_damping,3.967999999999975,0.0,0.0,0.0,0.0,0.0,0.0,nan,0.0,0.0,0.0,nan,0.0,0.0,nan,0.001318132010055706,0.02597045572474599,0.09860929485876113,0.04161040484905243,0.01673124420023361
L06_VALID,0.6,True,motion_acceleration,z3_disturbance,3.967999999999975,0.0099169467458377,-0.0006118720744269319,0.009305074671410767,0.002345028899045067,0.004389133245038095,0.7354709418837675,0.883771943487284,0.028296980063338046,0.0,0.0,0.0,0.0,0.0,0.0,0.001318132010055706,0.02597045572474599,0.09860929485876113,0.04161040484905243,0.01673124420023361
L06_VALID,0.6,True,motion_acceleration,velocity_tracking_actual,3.967999999999975,0.03698502681079635,-0.013372607971072353,0.023612418839724,0.005950710393075642,0.016545230431871755,0.56312625250501,0.4688945170281441,0.13248506544741384,0.0,0.0,0.0,0.0,0.0,0.0,0.001318132010055706,0.02597045572474599,0.09860929485876113,0.04161040484905243,0.01673124420023361
L06_VALID,0.6,True,motion_acceleration,velocity_observer_estimation,3.967999999999975,0.014337958881310467,-0.010480293023518278,0.0038576658577921894,0.000972194016580699,0.008031020684336991,0.5591182364729459,0.15543664689138018,0.08511992799984136,0.0,0.0,0.0,0.0,0.0,0.0,0.001318132010055706,0.02597045572474599,0.09860929485876113,0.04161040484905243,0.01673124420023361
L06_VALID,0.6,True,motion_cruise,nominal_total,16.711999999999996,0.02362872788111127,-0.03935312445477857,-0.015724396573667303,-0.0009409045340873209,0.006431505120616808,0.475779376498801,-0.24966551459628705,0.06843137470931238,1.1531726221273998e-05,0.0008306784580393729,0.050742954878628455,0.002494873410457973,0.012218279165536864,0.04859926660759116,0.025856731925159693,0.002931111230282113,-0.09170248277951032,0.0483073927462101,0.014580897188127731
L06_VALID,0.6,True,motion_cruise,position_feedback,16.711999999999996,0.020133912541654274,-0.032942460082856985,-0.012808547541202711,-0.0007664281678555956,0.005275116257027539,0.4805755395683453,-0.2413229636436681,0.04456487874063807,6.360798604545292e-05,0.0019509296498466688,0.4142405569087771,0.0003177875264834531,0.0043606799182211746,0.02981725317459817,0.025856731925159693,0.002931111230282113,-0.09170248277951032,0.0483073927462101,0.014580897188127731
L06_VALID,0.6,True,motion_cruise,velocity_error_combined,16.711999999999996,0.025360788976598818,-0.028276642118011317,-0.0029158531414124993,-0.00017447661209983844,0.005077583755103639,0.43980815347721824,-0.05436228174815599,0.05885299912541214,4.3595907270063106e-05,0.0016151343238378659,0.19738151160312117,0.0018511892593736257,0.010524735673474516,0.05091942662922142,0.025856731925159693,0.002931111230282113,-0.09170248277951032,0.0483073927462101,0.014580897188127731
L06_VALID,0.6,True,motion_cruise,velocity_reference,16.711999999999996,0.4935204443152316,-0.6112090957529144,-0.11768865143768276,-0.007042164399095428,0.08376086852773382,0.5083932853717026,-0.10653164160924225,0.808210609682724,0.048938634781754684,0.05411425844299716,0.647386445899608,5.061728083731099e-10,5.503452115053758e-06,0.00043032573301296593,0.025856731925159693,0.002931111230282113,-0.09170248277951032,0.0483073927462101,0.014580897188127731
L06_VALID,0.6,True,motion_cruise,velocity_state_feedback,16.711999999999996,0.6200411168421269,-0.5052683191066601,0.11477279773546678,0.006867687753438655,0.08528724085666378,0.4930455635491607,0.10199221127004761,0.8246943821574846,0.05167669099957753,0.05560746983335248,0.6434362439701489,0.0018509587494501651,0.010524080383495378,0.05085436785893091,0.025856731925159693,0.002931111230282113,-0.09170248277951032,0.0483073927462101,0.014580897188127731
L06_VALID,0.6,True,motion_cruise,acceleration_damping,16.711999999999996,0.0,0.0,0.0,0.0,0.0,0.0,nan,0.0,0.0,0.0,nan,0.0,0.0,nan,0.025856731925159693,0.002931111230282113,-0.09170248277951032,0.0483073927462101,0.014580897188127731
L06_VALID,0.6,True,motion_cruise,z3_disturbance,16.711999999999996,0.024900544520442006,-0.0291881731662288,-0.004287628645786794,-0.000256559875884801,0.004464102782723421,0.5275779376498801,-0.07927029571350705,0.04823564544556594,9.684182702101617e-05,0.002407228262328701,0.5862494712204378,0.0008728496224002617,0.007226957499255305,0.11072753518639868,0.025856731925159693,0.002931111230282113,-0.09170248277951032,0.0483073927462101,0.014580897188127731
L06_VALID,0.6,True,motion_cruise,velocity_tracking_actual,16.711999999999996,0.017146808339912178,-0.0910951899101195,-0.07394838157020732,-0.004424867255278084,0.010971595630095879,0.32326139088729017,-0.683176426578818,0.10121043677325933,8.81546372310566e-05,0.0022967216686208478,0.135646078034053,0.019413218767506173,0.03408274465146072,0.20719715460495464,0.025856731925159693,0.002931111230282113,-0.09170248277951032,0.0483073927462101,0.014580897188127731
L06_VALID,0.6,True,motion_cruise,velocity_observer_estimation,16.711999999999996,0.07786770217989761,-0.006835043004461952,0.07103265917543565,0.0042503984666967245,0.008335130232026299,0.7544364508393285,0.8386110629688528,0.06751179209635402,2.6654112415076182e-05,0.0012628969053450757,0.08102534903043161,0.01905456800070342,0.03376644503051821,0.3683169921378737,0.025856731925159693,0.002931111230282113,-0.09170248277951032,0.0483073927462101,0.014580897188127731
L06_VALID,0.6,True,motion_deceleration,nominal_total,3.984000000000009,0.047690024374634925,-0.005604012656145905,0.04208601171848902,0.010563757961468103,0.019056589863037945,0.6365461847389559,0.7896945711615272,0.12690292624593155,0.0,0.0,0.0,0.0,0.0,0.0,0.0030796893406659365,0.03261996852234006,0.11816111672669649,0.050978463143110275,0.024587851462742005
L06_VALID,0.6,True,motion_deceleration,position_feedback,3.984000000000009,0.007693045001233282,-0.0023110368178605118,0.00538200818337277,0.0013509056685172586,0.0033300913416590755,0.6847389558232931,0.5379812241339997,0.03148438282440543,0.0,0.0,0.0,0.0,0.0,0.0,0.0030796893406659365,0.03261996852234006,0.11816111672669649,0.050978463143110275,0.024587851462742005
L06_VALID,0.6,True,motion_deceleration,velocity_error_combined,3.984000000000009,0.04232932052294197,-0.005625318399397878,0.03670400212354409,0.009212851938640564,0.017198538078032174,0.6506024096385542,0.7653900216616039,0.10734706967142425,0.0,0.0,0.0,0.0,0.0,0.0,0.0030796893406659365,0.03261996852234006,0.11816111672669649,0.050978463143110275,0.024587851462742005
L06_VALID,0.6,True,motion_deceleration,velocity_reference,3.984000000000009,0.0614621904698287,-0.07139005739942517,-0.00992786692959647,-0.0024919344702802326,0.043671762234545,0.2891566265060241,-0.074728633416628,0.42171436286740194,0.0,0.0,0.0,0.0,0.0,0.0,0.0030796893406659365,0.03261996852234006,0.11816111672669649,0.050978463143110275,0.024587851462742005
L06_VALID,0.6,True,motion_deceleration,velocity_state_feedback,3.984000000000009,0.11341578184944229,-0.06678391190373817,0.04663186994570412,0.011704786632957835,0.05461559268583239,0.6224899598393574,0.25877885236351067,0.46816340367076026,0.0,0.0,0.0,0.0,0.0,0.0,0.0030796893406659365,0.03261996852234006,0.11816111672669649,0.050978463143110275,0.024587851462742005
L06_VALID,0.6,True,motion_deceleration,acceleration_damping,3.984000000000009,0.0,0.0,0.0,0.0,0.0,0.0,nan,0.0,0.0,0.0,nan,0.0,0.0,nan,0.0030796893406659365,0.03261996852234006,0.11816111672669649,0.050978463143110275,0.024587851462742005
L06_VALID,0.6,True,motion_deceleration,z3_disturbance,3.984000000000009,0.003953897331142807,-0.006563114696380582,-0.0026092173652377745,-0.0006549240374592793,0.0036863134213448246,0.3795180722891566,-0.24809493023392587,0.03106100633466948,0.0,0.0,0.0,0.0,0.0,0.0,0.0030796893406659365,0.03261996852234006,0.11816111672669649,0.050978463143110275,0.024587851462742005
L06_VALID,0.6,True,motion_deceleration,velocity_tracking_actual,3.984000000000009,0.052679465311376336,-0.012919069429417415,0.03976039588195892,0.009980019046676414,0.022198364716986035,0.6305220883534136,0.606117134156552,0.14851694942574578,0.0,0.0,0.0,0.0,0.0,0.0,0.0030796893406659365,0.03261996852234006,0.11816111672669649,0.050978463143110275,0.024587851462742005
L06_VALID,0.6,True,motion_deceleration,velocity_observer_estimation,3.984000000000009,0.00922530307032115,-0.012273942521198277,-0.003048639450877126,-0.0007652207457020882,0.0075812352016403515,0.5140562248995983,-0.14180215942459345,0.0659644259084241,0.0,0.0,0.0,0.0,0.0,0.0,0.0030796893406659365,0.03261996852234006,0.11816111672669649,0.050978463143110275,0.024587851462742005
L06_VALID,0.6,True,hover,nominal_total,20.724000000000004,0.015802119188353572,-0.03151086385757029,-0.01570874466921672,-0.0007579977161366878,0.004400955930187567,0.4563706563706564,-0.33201763359476166,0.05263075564545644,2.5931203130519322e-05,0.00111859929633511,0.12277714701953107,0.0029877951974260717,0.012007113629757779,0.054901360209949256,0.029941571592644323,0.0014070640609133989,-0.1141380301269237,0.056458182632923126,0.00983167790398647
L06_VALID,0.6,True,hover,position_feedback,20.724000000000004,0.012400033348897142,-0.022017699302775334,-0.009617665953878193,-0.00046408347586750584,0.003380875084598441,0.527027027027027,-0.27943926612524367,0.03204526077851199,1.825955265248667e-05,0.0009386599213807406,0.24200758038063513,0.00027451073423087087,0.003639509638766881,0.027226956531709614,0.029941571592644323,0.0014070640609133989,-0.1141380301269237,0.056458182632923126,0.00983167790398647
L06_VALID,0.6,True,hover,velocity_error_combined,20.724000000000004,0.019039017912840444,-0.025130096557568347,-0.006091078644727903,-0.000293914236861991,0.0037179854761842574,0.4691119691119691,-0.13790357170978912,0.048134771158362046,5.21945297756817e-06,0.000501852050394194,0.05956830683481048,0.0022643468314445794,0.010452849141497148,0.05954657354720696,0.029941571592644323,0.0014070640609133989,-0.1141380301269237,0.056458182632923126,0.00983167790398647
L06_VALID,0.6,True,hover,velocity_reference,20.724000000000004,0.0,0.0,0.0,0.0,0.0,0.0,nan,0.0,0.0,0.0,nan,0.0,0.0,nan,0.029941571592644323,0.0014070640609133989,-0.1141380301269237,0.056458182632923126,0.00983167790398647
L06_VALID,0.6,True,hover,velocity_state_feedback,20.724000000000004,0.019039017912840444,-0.025130096557568347,-0.006091078644727903,-0.000293914236861991,0.0037179854761842574,0.4691119691119691,-0.13790357170978912,0.048134771158362046,5.21945297756817e-06,0.000501852050394194,0.05956830683481048,0.0022643468314445794,0.010452849141497148,0.05954657354720696,0.029941571592644323,0.0014070640609133989,-0.1141380301269237,0.056458182632923126,0.00983167790398647
L06_VALID,0.6,True,hover,acceleration_damping,20.724000000000004,0.0,0.0,0.0,0.0,0.0,0.0,nan,0.0,0.0,0.0,nan,0.0,0.0,nan,0.029941571592644323,0.0014070640609133989,-0.1141380301269237,0.056458182632923126,0.00983167790398647
L06_VALID,0.6,True,hover,z3_disturbance,20.724000000000004,0.012016677804707224,-0.012199742525947377,-0.00018306472124015281,-8.833464641968384e-06,0.0021632380976324738,0.5111969111969112,-0.007559528565351935,0.025928652557434068,8.267297984525697e-06,0.0006316041922372693,0.1805437644603152,0.00036517622369307745,0.0041977295524757785,0.039314534187847895,0.029941571592644323,0.0014070640609133989,-0.1141380301269237,0.056458182632923126,0.00983167790398647
L06_VALID,0.6,True,hover,velocity_tracking_actual,20.724000000000004,0.013073653859559234,-0.07880583533179031,-0.06573218147223107,-0.0031717902659829694,0.009293861822034004,0.3544401544401544,-0.7154173586591921,0.0835891247718475,2.3839331564576305e-05,0.0010725319667747577,0.06389946603472833,0.004499802874386181,0.014735332924694037,0.05313763445670937,0.029941571592644323,0.0014070640609133989,-0.1141380301269237,0.056458182632923126,0.00983167790398647
L06_VALID,0.6,True,hover,velocity_observer_estimation,20.724000000000004,0.06440391917141504,-0.004765166412692377,0.059638752758722664,0.002877762630704625,0.007091966686930555,0.6841698841698842,0.8622168741294668,0.05608706152165033,1.4700071412758162e-05,0.0008422149194271051,0.06830336382646406,0.004995740412896705,0.015526127204947372,0.12686781039902187,0.029941571592644323,0.0014070640609133989,-0.1141380301269237,0.056458182632923126,0.00983167790398647
L06_VALID,0.6,True,terminal_10s,nominal_total,10.215999999999994,0.009038433954972794,-0.013301236090752892,-0.0042628021357800985,-0.0004172672411687648,0.004987423284599162,0.4573218480814409,-0.19081759609944252,0.04904607139001751,9.579235761092051e-07,0.00030621396214683844,0.035704949440372204,0.0013306348593083255,0.011412715895612702,0.05875391515446787,0.03553333133459091,0.0010119833750650287,-0.03452134795952588,0.044954340904951096,0.008973621674439014
L06_VALID,0.6,True,terminal_10s,position_feedback,10.215999999999994,0.005627515336673236,-0.009016565832659824,-0.003389050495986588,-0.00033173947689766936,0.0038631198606165944,0.5395458104933438,-0.23142800540356037,0.027311463746796605,7.415578902129445e-07,0.0002694213996412789,0.11607403235137778,8.808551746313588e-05,0.0029363769944403353,0.020674024207830977,0.03553333133459091,0.0010119833750650287,-0.03452134795952588,0.044954340904951096,0.008973621674439014
L06_VALID,0.6,True,terminal_10s,velocity_error_combined,10.215999999999994,0.009741842368568548,-0.010615593905366042,-0.0008737515367974943,-8.552775418926144e-05,0.003960110353952097,0.5340642129992169,-0.042920509490491934,0.04459291665805417,7.071001782096446e-07,0.00026308738923497613,0.04240062393927478,0.000955171734249798,0.009669416979880156,0.05755419367292469,0.03553333133459091,0.0010119833750650287,-0.03452134795952588,0.044954340904951096,0.008973621674439014
L06_VALID,0.6,True,terminal_10s,velocity_reference,10.215999999999994,0.0,0.0,0.0,0.0,0.0,0.0,nan,0.0,0.0,0.0,nan,0.0,0.0,nan,0.03553333133459091,0.0010119833750650287,-0.03452134795952588,0.044954340904951096,0.008973621674439014
L06_VALID,0.6,True,terminal_10s,velocity_state_feedback,10.215999999999994,0.009741842368568548,-0.010615593905366042,-0.0008737515367974943,-8.552775418926144e-05,0.003960110353952097,0.5340642129992169,-0.042920509490491934,0.04459291665805417,7.071001782096446e-07,0.00026308738923497613,0.04240062393927478,0.000955171734249798,0.009669416979880156,0.05755419367292469,0.03553333133459091,0.0010119833750650287,-0.03452134795952588,0.044954340904951096,0.008973621674439014
L06_VALID,0.6,True,terminal_10s,acceleration_damping,10.215999999999994,0.0,0.0,0.0,0.0,0.0,0.0,nan,0.0,0.0,0.0,nan,0.0,0.0,nan,0.03553333133459091,0.0010119833750650287,-0.03452134795952588,0.044954340904951096,0.008973621674439014
L06_VALID,0.6,True,terminal_10s,z3_disturbance,10.215999999999994,0.005072415043926303,-0.004779819116147793,0.00029259592777850993,2.8640948294685798e-05,0.0017353092396037593,0.5340642129992169,0.029698434185034574,0.02318587924044296,5.733720223186883e-07,0.0002369069528296083,0.0948744875981459,0.00013861526638377883,0.0036835374517115473,0.03439698933555811,0.03553333133459091,0.0010119833750650287,-0.03452134795952588,0.044954340904951096,0.008973621674439014
L06_VALID,0.6,True,terminal_10s,velocity_tracking_actual,10.215999999999994,0.006971930221702423,-0.027261969599280303,-0.02029003937757788,-0.0019861040894261837,0.008132275595824773,0.422866092404072,-0.592688518798015,0.0756306907985717,2.0031042397088554e-06,0.00044280379363581236,0.028332199892105555,0.001798806669922021,0.013269415784227303,0.04786602352604104,0.03553333133459091,0.0010119833750650287,-0.03452134795952588,0.044954340904951096,0.008973621674439014
L06_VALID,0.6,True,terminal_10s,velocity_observer_estimation,10.215999999999994,0.023324584226325336,-0.003908295907315034,0.0194162883190103,0.0019005763820487776,0.005847375794987027,0.6397807361002349,0.7129722682187276,0.054194664295236214,2.06984119727084e-06,0.0004501197523239229,0.04207087536639805,0.0009484969201854514,0.009635572431727375,0.07621484359342445,0.03553333133459091,0.0010119833750650287,-0.03452134795952588,0.044954340904951096,0.008973621674439014
L08_VALID,0.8,True,route,nominal_total,55.66400000000001,0.13973040874337983,-0.0855481263828122,0.05418228236056763,0.0009733810426948768,0.008693175689865931,0.5595512082853855,0.24051240536616983,0.05551868596848264,8.358600905753403e-05,0.0012254048337748034,0.09909792930174798,0.00775518332711986,0.011803446302815653,0.0885058421830205,0.016040756134316325,0.014254755418126782,-0.01607400644570589,0.07378111779689789,0.015565498441101095
L08_VALID,0.8,True,route,position_feedback,55.66400000000001,0.05346645061182159,-0.061191685157127536,-0.007725234545305944,-0.00013878331678115016,0.0036545190059803045,0.5431530494821634,-0.06737624411470708,0.028189864426136583,0.00019635863516408264,0.001878182530283195,0.3908791239612345,0.0007736206468247502,0.0037280078679592698,0.04605849039429742,0.016040756134316325,0.014254755418126782,-0.01607400644570589,0.07378111779689789,0.015565498441101095
L08_VALID,0.8,True,route,velocity_error_combined,55.66400000000001,0.13074835992890893,-0.06884084023684936,0.06190751969205957,0.0011121644095296703,0.0071551438087444404,0.5178365937859609,0.31017469703092926,0.048552803232781036,4.6859171349887776e-05,0.0009175085002606707,0.07074087086002807,0.007016185110956056,0.011226989426735431,0.09808688213014395,0.016040756134316325,0.014254755418126782,-0.01607400644570589,0.07378111779689789,0.015565498441101095
L08_VALID,0.8,True,route,velocity_reference,55.66400000000001,0.8151961137946784,-0.746719934677734,0.06847617911694437,0.0012301699323969597,0.05572841313354864,0.2022439585730725,0.04384113933902885,0.4088082129471314,0.08861635823690141,0.03989971039813732,0.592054378534991,0.0011746102713693196,0.004593668923899903,0.005867166878373284,0.016040756134316325,0.014254755418126782,-0.01607400644570589,0.07378111779689789,0.015565498441101095
L08_VALID,0.8,True,route,velocity_state_feedback,55.66400000000001,0.8172309960678004,-0.8237996557983159,-0.006568659730515569,-0.00011800552835792556,0.05494265646256362,0.4987054085155351,-0.004002764800916999,0.41443774398166305,0.09183610301541016,0.040618091871890624,0.5839208710829732,0.00915326144976822,0.012823327324031197,0.029793921443975423,0.016040756134316325,0.014254755418126782,-0.01607400644570589,0.07378111779689789,0.015565498441101095
L08_VALID,0.8,True,route,acceleration_damping,55.66400000000001,0.0,0.0,0.0,0.0,0.0,0.0,nan,0.0,0.0,0.0,nan,0.0,0.0,nan,0.016040756134316325,0.014254755418126782,-0.01607400644570589,0.07378111779689789,0.015565498441101095
L08_VALID,0.8,True,route,z3_disturbance,55.66400000000001,0.06196455914968443,-0.05092681677774896,0.011037742371935465,0.00019829229613278713,0.0032617833017127744,0.538981588032221,0.09777312289142909,0.029391151553888,0.0002356728489205662,0.0020576313594990623,0.5364467798634877,0.0018909837176952179,0.005828498499266368,0.13142810529041696,0.016040756134316325,0.014254755418126782,-0.01607400644570589,0.07378111779689789,0.015565498441101095
L08_VALID,0.8,True,route,velocity_tracking_actual,55.66400000000001,0.09587136074322224,-0.23403648319117226,-0.13816512244795004,-0.002482127091979556,0.010597043337841339,0.3193325661680092,-0.41879914342208113,0.0745543112748585,0.00010651509900881693,0.0013833063864509317,0.04815917335824319,0.04619008916278915,0.028806281116357583,0.2134173497584835,0.016040756134316325,0.014254755418126782,-0.01607400644570589,0.07378111779689789,0.015565498441101095
L08_VALID,0.8,True,route,velocity_observer_estimation,55.66400000000001,0.21770821828858627,-0.017634576807280433,0.20007364148130585,0.00359430945460811,0.007377887937070912,0.7754602991944765,0.8501371006484648,0.05338490681555882,7.228811159547266e-05,0.0011395837142942806,0.059991271587802694,0.042806707671988575,0.027731202855511592,0.35748258787768133,0.016040756134316325,0.014254755418126782,-0.01607400644570589,0.07378111779689789,0.015565498441101095
L08_VALID,0.8,True,motion,nominal_total,24.756,0.11686733021302088,-0.04547699457044647,0.07139033564257441,0.002883758912690839,0.012052338508850005,0.6298449612403101,0.4397464200722376,0.06813678494659499,7.15691677041745e-05,0.001700289004643701,0.10471271939432464,0.003789197229484085,0.01237181361300006,0.09847544593361612,0.0027727457927539945,0.028778045438230038,0.10402119858190417,0.07378111779689789,0.022696419193686736
L08_VALID,0.8,True,motion,position_feedback,24.756,0.038106963226823005,-0.036372170178892174,0.0017347930479308313,7.007566036236998e-05,0.004784356851453747,0.5691214470284238,0.02329233663985826,0.03205213419682897,0.00018205372795167333,0.002711811831701075,0.402719964877015,0.0003409082126131116,0.003710893536265686,0.04301758019788713,0.0027727457927539945,0.028778045438230038,0.10402119858190417,0.07378111779689789,0.022696419193686736
L08_VALID,0.8,True,motion,velocity_error_combined,24.756,0.10844398196810287,-0.03878843690380994,0.06965554506429293,0.002813683352088097,0.010024038164857318,0.585594315245478,0.47309923723314556,0.05930225979872166,3.550382023625199e-05,0.0011975600672067626,0.06321510788060283,0.004452990763792872,0.013411756507890902,0.13809281907373153,0.0027727457927539945,0.028778045438230038,0.10402119858190417,0.07378111779689789,0.022696419193686736
L08_VALID,0.8,True,motion,velocity_reference,24.756,0.8151961137946784,-0.746719934677734,0.06847617911694437,0.002766043751694311,0.0835648514311067,0.4541343669250646,0.04384113933902885,0.6130086190840711,0.08861635823690141,0.059829684429993646,0.592054378534991,0.0011746102713693196,0.006888214459462098,0.005867166878373284,0.0027727457927539945,0.028778045438230038,0.10402119858190417,0.07378111779689789,0.022696419193686736
L08_VALID,0.8,True,motion,velocity_state_feedback,24.756,0.7949266181069942,-0.7937472524652766,0.0011793656417176113,4.763958804805345e-05,0.08229775113034678,0.5426356589147286,0.0007423585567582736,0.620013246476671,0.09182474766429652,0.06090313306186599,0.5842230000526614,0.006590068463644247,0.016315662993850913,0.024595759996643145,0.0027727457927539945,0.028778045438230038,0.10402119858190417,0.07378111779689789,0.022696419193686736
L08_VALID,0.8,True,motion,acceleration_damping,24.756,0.0,0.0,0.0,0.0,0.0,0.0,nan,0.0,0.0,0.0,nan,0.0,0.0,nan,0.0027727457927539945,0.028778045438230038,0.10402119858190417,0.07378111779689789,0.022696419193686736
L08_VALID,0.8,True,motion,z3_disturbance,24.756,0.04478096842615922,-0.038120776421597155,0.006660192004562068,0.00026903344662150867,0.004488028692814964,0.5064599483204134,0.08033838149960625,0.03700871508553751,0.00021515575271613006,0.002948059497962623,0.5648811374435011,0.0009845418956907536,0.0063063324811022505,0.15820690996015213,0.0027727457927539945,0.028778045438230038,0.10402119858190417,0.07378111779689789,0.022696419193686736
L08_VALID,0.8,True,motion,velocity_tracking_actual,24.756,0.0809523251629573,-0.1442755457696544,-0.0633232206066971,-0.002557893868423699,0.014146248764151258,0.3594961240310077,-0.2811517968202232,0.08483788306158419,2.8373342434799776e-05,0.0010705698608229918,0.015987570094091946,0.03176245440095212,0.035819274918478965,0.2630952153735312,0.0027727457927539945,0.028778045438230038,0.10402119858190417,0.07378111779689789,0.022696419193686736
L08_VALID,0.8,True,motion,velocity_observer_estimation,24.756,0.14586751230963574,-0.012888757277266585,0.13297875503236917,0.005371576790772708,0.009761068870977729,0.7968346253229974,0.8376283681796726,0.06263133832766898,2.979987937635261e-05,0.0010971525480532845,0.03067594368585733,0.030726702800356553,0.035230413690597706,0.38462107384355254,0.0027727457927539945,0.028778045438230038,0.10402119858190417,0.07378111779689789,0.022696419193686736
L08_VALID,0.8,True,motion_acceleration,nominal_total,3.9840000000000018,0.04061868862921279,-0.0027522597514107495,0.03786642887780205,0.009504625722339868,0.01735126009736273,0.6733067729083665,0.8730827960109653,0.07601274942534755,0.0,0.0,0.0,0.0,0.0,0.0,0.0027727457927539945,0.036119705997407436,0.13338784081861377,0.058135438710451126,0.02551614683456188
L08_VALID,0.8,True,motion_acceleration,position_feedback,3.9840000000000018,0.0077815574482451855,-0.0013189597653836202,0.0064625976828615655,0.0016221379726058139,0.003304530599150317,0.6752988047808764,0.7101352078300858,0.019820201474285027,0.0,0.0,0.0,0.0,0.0,0.0,0.0027727457927539945,0.036119705997407436,0.13338784081861377,0.058135438710451126,0.02551614683456188
L08_VALID,0.8,True,motion_acceleration,velocity_error_combined,3.9840000000000018,0.03437681771708247,-0.002972989313268058,0.03140382840381441,0.007882487049150198,0.014399037731166214,0.7629482071713147,0.8408029626042136,0.06565939954415101,0.0,0.0,0.0,0.0,0.0,0.0,0.0027727457927539945,0.036119705997407436,0.13338784081861377,0.058135438710451126,0.02551614683456188
L08_VALID,0.8,True,motion_acceleration,velocity_reference,3.9840000000000018,0.2148151155471432,-0.01960711447548239,0.1952080010716608,0.04899799223686263,0.08685668411917717,0.4900398406374502,0.8327196659327917,0.3782628160083309,0.0,0.0,0.0,0.0,0.0,0.0,0.0027727457927539945,0.036119705997407436,0.13338784081861377,0.058135438710451126,0.02551614683456188
L08_VALID,0.8,True,motion_acceleration,velocity_state_feedback,3.9840000000000018,0.022579032879886687,-0.18638320689164609,-0.1638041740117594,-0.041115505525039994,0.07444880018945342,0.50199203187251,-0.7838936555755404,0.3355295513049772,0.0,0.0,0.0,0.0,0.0,0.0,0.0027727457927539945,0.036119705997407436,0.13338784081861377,0.058135438710451126,0.02551614683456188
L08_VALID,0.8,True,motion_acceleration,acceleration_damping,3.9840000000000018,0.0,0.0,0.0,0.0,0.0,0.0,nan,0.0,0.0,0.0,nan,0.0,0.0,nan,0.0027727457927539945,0.036119705997407436,0.13338784081861377,0.058135438710451126,0.02551614683456188
L08_VALID,0.8,True,motion_acceleration,z3_disturbance,3.9840000000000018,0.01021457660151651,-0.0010560708020857412,0.009158505799430769,0.002298821736804911,0.004172963624284949,0.6972111553784861,0.812598023118316,0.019383412745281506,0.0,0.0,0.0,0.0,0.0,0.0,0.0027727457927539945,0.036119705997407436,0.13338784081861377,0.058135438710451126,0.02551614683456188
L08_VALID,0.8,True,motion_acceleration,velocity_tracking_actual,3.9840000000000018,0.03242087051468507,-0.011558775964591103,0.020862094550093968,0.005236469515585833,0.015053317524364047,0.5697211155378487,0.4743579410062898,0.08654658013750768,0.0,0.0,0.0,0.0,0.0,0.0,0.0027727457927539945,0.036119705997407436,0.13338784081861377,0.058135438710451126,0.02551614683456188
L08_VALID,0.8,True,motion_acceleration,velocity_observer_estimation,3.9840000000000018,0.01654807826104663,-0.006006349937005781,0.010541728324040848,0.002646016145592581,0.007582952614113269,0.6135458167330677,0.4673906264203645,0.06403723603821812,0.0,0.0,0.0,0.0,0.0,0.0,0.0027727457927539945,0.036119705997407436,0.13338784081861377,0.058135438710451126,0.02551614683456188
L08_VALID,0.8,True,motion_cruise,nominal_total,16.759999999999998,0.028227283759829993,-0.039677876176057954,-0.01145059241622796,-0.0006832095713739834,0.008087731769664729,0.5817835002384358,-0.16862624912508764,0.055351380424467696,2.4477619206279346e-05,0.0012085025746469728,0.14794492189892927,0.001955700341011014,0.010802248122472649,0.09074668083922077,0.036175143904984,0.00410459196427837,-0.1282822077628225,0.07378111779689789,0.020836909796471213
L08_VALID,0.8,True,motion_cruise,position_feedback,16.759999999999998,0.02121325609887199,-0.03472114415399498,-0.013507888055122989,-0.0008059599078235675,0.005378145543570788,0.4783023366714354,-0.24149517996182732,0.035578179964784865,7.891137334118669e-05,0.002169865394860485,0.36362160178798436,0.00023240075631461896,0.0037237606763670964,0.06169335116322242,0.036175143904984,0.00410459196427837,-0.1282822077628225,0.07378111779689789,0.020836909796471213
L08_VALID,0.8,True,motion_cruise,velocity_error_combined,16.759999999999998,0.031726625907198366,-0.029669323534372745,0.0020573023728256215,0.00012275073823541895,0.005784411812333825,0.5159752026704817,0.033508763876735896,0.04743127183401289,7.545716890395844e-05,0.0021218429996192746,0.3531844227457365,0.001816488005904221,0.010410683899457733,0.1379126536525889,0.036175143904984,0.00410459196427837,-0.1282822077628225,0.07378111779689789,0.020836909796471213
L08_VALID,0.8,True,motion_cruise,velocity_reference,16.759999999999998,0.47566452787350844,-0.6880608418801565,-0.21239631400664805,-0.012672811098248691,0.08760810768032648,0.46208869814020026,-0.18251412191143318,0.6999964253112494,0.041581763617344364,0.04980975957587255,0.48655915247714016,5.536506645665717e-10,5.747525484804987e-06,0.0008918615864785462,0.036175143904984,0.00410459196427837,-0.1282822077628225,0.07378111779689789,0.020836909796471213
L08_VALID,0.8,True,motion_cruise,velocity_state_feedback,16.759999999999998,0.693194107381161,-0.4787404901577391,0.21445361722342193,0.01279556188683902,0.08754655881794188,0.5379113018597997,0.18299111373090388,0.7103799782231669,0.04486429551980865,0.05173845063829792,0.485524394215991,0.0018172273417892202,0.010412802330499628,0.13707352338557327,0.036175143904984,0.00410459196427837,-0.1282822077628225,0.07378111779689789,0.020836909796471213
L08_VALID,0.8,True,motion_cruise,acceleration_damping,16.759999999999998,0.0,0.0,0.0,0.0,0.0,0.0,nan,0.0,0.0,0.0,nan,0.0,0.0,nan,0.036175143904984,0.00410459196427837,-0.1282822077628225,0.07378111779689789,0.020836909796471213
L08_VALID,0.8,True,motion_cruise,z3_disturbance,16.759999999999998,0.02472028880612924,-0.03281658870740943,-0.00809629990128019,-0.0004830727864725651,0.004500309335953252,0.46065808297567956,-0.1407149684022234,0.040913649384493,8.799095440624234e-05,0.0022913002739666957,0.4570150055990468,0.0006407881635921147,0.006183298794754278,0.17578657317601448,0.036175143904984,0.00410459196427837,-0.1282822077628225,0.07378111779689789,0.020836909796471213
L08_VALID,0.8,True,motion_cruise,velocity_tracking_actual,16.759999999999998,0.014512325565785274,-0.10519529076983666,-0.09068296520405139,-0.005410678114800203,0.01219268422456756,0.25894134477825465,-0.7575371390722986,0.07573343958086888,7.118615373109661e-05,0.0020609182114218996,0.12314226521787802,0.01619681711510195,0.03108692977075278,0.326461460869852,0.036175143904984,0.00410459196427837,-0.1282822077628225,0.07378111779689789,0.020836909796471213
L08_VALID,0.8,True,motion_cruise,velocity_observer_estimation,16.759999999999998,0.09491283144384571,-0.0021725673298630633,0.09274026411398265,0.005533428646419013,0.009276776196864386,0.8478779208392943,0.9552442003163217,0.05793287379758185,2.8239690083285527e-05,0.001298054586304668,0.07029178441906833,0.017785434290204526,0.03257581050723273,0.37904025804291835,0.036175143904984,0.00410459196427837,-0.1282822077628225,0.07378111779689789,0.020836909796471213
L08_VALID,0.8,True,motion_deceleration,nominal_total,3.995999999999995,0.04777788001007871,-0.003037731237505649,0.04474014877257306,0.011196233426569849,0.017987179181761775,0.7872763419483101,0.8804410234207286,0.10044262085447093,0.0,0.0,0.0,0.0,0.0,0.0,0.00411579612409696,0.028778045438230038,0.09864899725653231,0.04427776858210564,0.02655337683449597
L08_VALID,0.8,True,motion_deceleration,position_feedback,3.995999999999995,0.00906800093399209,-0.0003313004303411236,0.008736700503650966,0.0021863614874001445,0.00309064267175286,0.8469184890656064,0.929505307362889,0.025712697113442706,0.0,0.0,0.0,0.0,0.0,0.0,0.00411579612409696,0.028778045438230038,0.09864899725653231,0.04427776858210564,0.02655337683449597
L08_VALID,0.8,True,motion_deceleration,velocity_error_combined,3.995999999999995,0.04213856569532076,-0.006135118938611183,0.03600344675670958,0.009009871560738144,0.01655825079147518,0.6978131212723658,0.7458193222607764,0.08948611747279159,0.0,0.0,0.0,0.0,0.0,0.0,0.00411579612409696,0.028778045438230038,0.09864899725653231,0.04427776858210564,0.02655337683449597
L08_VALID,0.8,True,motion_deceleration,velocity_reference,3.995999999999995,0.12362116652564124,-0.03905197832209517,0.08456918820354607,0.021163460511397943,0.0593290714750499,0.39165009940357853,0.5198718465958448,0.3582895165732466,0.0,0.0,0.0,0.0,0.0,0.0,0.00411579612409696,0.028778045438230038,0.09864899725653231,0.04427776858210564,0.02655337683449597
L08_VALID,0.8,True,motion_deceleration,velocity_state_feedback,3.995999999999995,0.0791534778459463,-0.12771921908261674,-0.04856574123667044,-0.012153588898065691,0.06533946729667024,0.5964214711729622,-0.2347614835487019,0.38871291103012917,0.0,0.0,0.0,0.0,0.0,0.0,0.00411579612409696,0.028778045438230038,0.09864899725653231,0.04427776858210564,0.02655337683449597
L08_VALID,0.8,True,motion_deceleration,acceleration_damping,3.995999999999995,0.0,0.0,0.0,0.0,0.0,0.0,nan,0.0,0.0,0.0,nan,0.0,0.0,nan,0.00411579612409696,0.028778045438230038,0.09864899725653231,0.04427776858210564,0.02655337683449597
L08_VALID,0.8,True,motion_deceleration,z3_disturbance,3.995999999999995,0.00978608170956428,-0.004248116912101981,0.005537964797462298,0.001385877076442018,0.004732309395011895,0.5129224652087475,0.394604989337452,0.03291032497619236,0.0,0.0,0.0,0.0,0.0,0.0,0.00411579612409696,0.028778045438230038,0.09864899725653231,0.04427776858210564,0.02655337683449597
L08_VALID,0.8,True,motion_deceleration,velocity_tracking_actual,3.995999999999995,0.03384367638203266,-0.027507392185643735,0.0063362841963889235,0.0015856567058030358,0.019732010949542064,0.5705765407554672,0.10327911712571665,0.1141374567968066,0.0,0.0,0.0,0.0,0.0,0.0,0.00411579612409696,0.028778045438230038,0.09864899725653231,0.04427776858210564,0.02655337683449597
L08_VALID,0.8,True,motion_deceleration,velocity_observer_estimation,3.995999999999995,0.034377000925599796,-0.004709840010397741,0.029667160915202054,0.0074242144432437665,0.013113790957450593,0.7634194831013916,0.7590063613424357,0.07832685634422284,0.0,0.0,0.0,0.0,0.0,0.0,0.00411579612409696,0.028778045438230038,0.09864899725653231,0.04427776858210564,0.02655337683449597
L08_VALID,0.8,True,hover,nominal_total,20.74800000000001,0.01824385456018763,-0.024745492287244,-0.006501637727056371,-0.0003133621422332932,0.0036902775051344807,0.5204475308641975,-0.15123834633102382,0.04129051093734699,1.0129448696360168e-05,0.0006987225908283494,0.0863116258701101,0.003732337774905311,0.013412271943931114,0.12883466009461594,0.024044232501182705,0.0028556502074934542,-0.084754329174757,0.048895739018917084,0.009964783531261387
L08_VALID,0.8,True,hover,position_feedback,20.74800000000001,0.010067511960984689,-0.01575389504951128,-0.005686383088526592,-0.0002740689747699339,0.002081035587322752,0.5266203703703703,-0.2202197225819326,0.022269167009790147,7.9983206021801e-06,0.0006208851667670601,0.2325881462673348,0.00040931431976442656,0.004441609257644283,0.09571764435035163,0.024044232501182705,0.0028556502074934542,-0.084754329174757,0.048895739018917084,0.009964783531261387
L08_VALID,0.8,True,hover,velocity_error_combined,20.74800000000001,0.017386874785254806,-0.018202129449226508,-0.0008152546639717019,-3.9293168689594247e-05,0.003174430254123035,0.48842592592592593,-0.022907487340761885,0.0368611585080777,6.671139608048074e-06,0.0005670376486698785,0.09240237480392018,0.002400929877688414,0.010757258832373554,0.10089567011518709,0.024044232501182705,0.0028556502074934542,-0.084754329174757,0.048895739018917084,0.009964783531261387
L08_VALID,0.8,True,hover,velocity_reference,20.74800000000001,0.0,0.0,0.0,0.0,0.0,0.0,nan,0.0,0.0,0.0,nan,0.0,0.0,nan,0.024044232501182705,0.0028556502074934542,-0.084754329174757,0.048895739018917084,0.009964783531261387
L08_VALID,0.8,True,hover,velocity_state_feedback,20.74800000000001,0.017386874785254806,-0.018202129449226508,-0.0008152546639717019,-3.9293168689594247e-05,0.003174430254123035,0.48842592592592593,-0.022907487340761885,0.0368611671027981,6.671139608048074e-06,0.0005670376486698785,0.09240237480392018,0.002400928566838555,0.010757255895771098,0.10089562995961952,0.024044232501182705,0.0028556502074934542,-0.084754329174757,0.048895739018917084,0.009964783531261387
L08_VALID,0.8,True,hover,acceleration_damping,20.74800000000001,0.0,0.0,0.0,0.0,0.0,0.0,nan,0.0,0.0,0.0,nan,0.0,0.0,nan,0.024044232501182705,0.0028556502074934542,-0.084754329174757,0.048895739018917084,0.009964783531261387
L08_VALID,0.8,True,hover,z3_disturbance,20.74800000000001,0.014178670590128162,-0.00964092745257369,0.004537743137554472,0.00021870749650831255,0.002030355918430777,0.5945216049382716,0.19050460588879678,0.021812307497405967,2.019935830120784e-05,0.0009866898638726603,0.3826013608333931,0.0008554340729508686,0.006421036707856996,0.20299924635449512,0.024044232501182705,0.0028556502074934542,-0.084754329174757,0.048895739018917084,0.009964783531261387
L08_VALID,0.8,True,hover,velocity_tracking_actual,20.74800000000001,0.010659659864796785,-0.06360005982759265,-0.05294039996279586,-0.002551590512955265,0.006391733651366486,0.28896604938271603,-0.712908696425116,0.06347302669986861,6.490323747992944e-05,0.0017686628781957306,0.17909789470570656,0.012279903771120112,0.024328165530746196,0.20485957731480953,0.024044232501182705,0.0028556502074934542,-0.084754329174757,0.048895739018917084,0.009964783531261387
L08_VALID,0.8,True,hover,velocity_observer_estimation,20.74800000000001,0.05516623507852082,-0.0030410963930519908,0.05212513868546883,0.0025122970255190284,0.005087141582865846,0.7623456790123457,0.895508132183067,0.045384890510481876,4.013887803298612e-05,0.0013908954767176988,0.19085548018580364,0.01044448395535937,0.022436513645425683,0.3761859690983178,0.024044232501182705,0.0028556502074934542,-0.084754329174757,0.048895739018917084,0.009964783531261387
L08_VALID,0.8,True,terminal_10s,nominal_total,10.159999999999997,0.004619223970171336,-0.015325639525121745,-0.010706415554950409,-0.0010537810585581114,0.005682055610357196,0.4675632911392405,-0.53680064330734,0.045753079360211384,1.8873926569993834e-06,0.00043100695330719664,0.04427525075983449,0.000233648322730464,0.004795506454850233,0.011581182389459937,0.03709889203310013,0.0017580161802470684,-0.03534087585285306,0.05659100413322449,0.009444675070117358
L08_VALID,0.8,True,terminal_10s,position_feedback,10.159999999999997,0.00529197542401391,-0.009065619928724072,-0.003773644504710162,-0.00037142170321950425,0.002924592383237733,0.5134493670886076,-0.2628326270520315,0.028945291998621545,6.30658661022921e-06,0.0007878623157416957,0.39657564389453387,2.339811444721211e-05,0.0015175519827653,0.005091686182720441,0.03709889203310013,0.0017580161802470684,-0.03534087585285306,0.05659100413322449,0.009444675070117358
L08_VALID,0.8,True,terminal_10s,velocity_error_combined,10.159999999999997,0.004917503175551244,-0.0118502738838129,-0.0069327707082616555,-0.000682359321679297,0.0038829443394862045,0.41218354430379744,-0.4134579487619068,0.039645082069452796,4.684211505587714e-06,0.0006790025327834573,0.16393126377853984,0.00016226446947477052,0.0039963623897087954,0.010476930893215485,0.03709889203310013,0.0017580161802470684,-0.03534087585285306,0.05659100413322449,0.009444675070117358
L08_VALID,0.8,True,terminal_10s,velocity_reference,10.159999999999997,0.0,0.0,0.0,0.0,0.0,0.0,nan,0.0,0.0,0.0,nan,0.0,0.0,nan,0.03709889203310013,0.0017580161802470684,-0.03534087585285306,0.05659100413322449,0.009444675070117358
L08_VALID,0.8,True,terminal_10s,velocity_state_feedback,10.159999999999997,0.004917503175551244,-0.0118502738838129,-0.0069327707082616555,-0.000682359321679297,0.0038829443394862045,0.41218354430379744,-0.4134579487619068,0.039645137992518474,4.684211505587714e-06,0.0006790025327834573,0.16393126377853984,0.00016226441928541866,0.003996361771659587,0.010476926846930195,0.03709889203310013,0.0017580161802470684,-0.03534087585285306,0.05659100413322449,0.009444675070117358
L08_VALID,0.8,True,terminal_10s,acceleration_damping,10.159999999999997,0.0,0.0,0.0,0.0,0.0,0.0,nan,0.0,0.0,0.0,nan,0.0,0.0,nan,0.03709889203310013,0.0017580161802470684,-0.03534087585285306,0.05659100413322449,0.009444675070117358
L08_VALID,0.8,True,terminal_10s,z3_disturbance,10.159999999999997,0.0030049201333970377,-0.0031651129035781163,-0.0001601927701810786,-1.5767004939082546e-05,0.0008899264451504255,0.504746835443038,-0.02596303281053626,0.020587891194089474,3.17737903228268e-07,0.00017684291241684986,0.05633255651023264,5.100774905359562e-05,0.0022406355664176254,0.012910524515815779,0.03709889203310013,0.0017580161802470684,-0.03534087585285306,0.05659100413322449,0.009444675070117358
L08_VALID,0.8,True,terminal_10s,velocity_tracking_actual,10.159999999999997,0.004259375715468128,-0.02616087759392521,-0.02190150187845708,-0.0021556596337064062,0.006649209657695262,0.28322784810126583,-0.7199644807590807,0.06846833325755736,1.3238519094087695e-05,0.0011414919394561126,0.17739377315497978,0.0021477309907169187,0.014539286280385427,0.060056744325825966,0.03709889203310013,0.0017580161802470684,-0.03534087585285306,0.05659100413322449,0.009444675070117358
L08_VALID,0.8,True,terminal_10s,velocity_observer_estimation,10.159999999999997,0.016674470900429707,-0.0017047231369618579,0.014969747763467848,0.0014734003704200643,0.003635996176403575,0.75,0.814494244579639,0.04300825657498043,2.349354186133936e-06,0.0004808696790623518,0.10115407347414247,0.0016355209162726566,0.012687650221261325,0.13525109354117537,0.03709889203310013,0.0017580161802470684,-0.03534087585285306,0.05659100413322449,0.009444675070117358
L08_VERTICAL_INVALID,0.8,False,route,nominal_total,55.539999999999985,0.13194409066173418,-0.08040689635661932,0.05153719430511486,0.000927929317701024,0.008119960628241364,0.536825117370892,0.242698162267833,0.05771714618244804,0.0001383322836804435,0.0015781883589188355,0.18353411226879415,0.005136746123285254,0.009617033153244423,0.051233933178425485,0.013810082655658739,0.013469122359917188,-0.003068642661673948,0.0670119896531105,0.014072561287078848
L08_VERTICAL_INVALID,0.8,False,route,position_feedback,55.539999999999985,0.04941104303754516,-0.05700611957106633,-0.007595076533521164,-0.00013674966751028386,0.0032119874273677045,0.5,-0.07137078594601201,0.029441837969800533,0.00017362578512701072,0.0017680892090990677,0.44528924954790866,0.0010480234254552784,0.004343927390696603,0.05529062234998822,0.013810082655658739,0.013469122359917188,-0.003068642661673948,0.0670119896531105,0.014072561287078848
L08_VERTICAL_INVALID,0.8,False,route,velocity_error_combined,55.539999999999985,0.12363408676336973,-0.06450181078354923,0.0591322759798205,0.0010646790777785473,0.007324691315781604,0.5551643192488263,0.31430618372590796,0.05067927963652831,3.613516199716251e-05,0.0008066071461210929,0.06159241508698381,0.004179546227190111,0.008674843105338254,0.059118117803986785,0.013810082655658739,0.013469122359917188,-0.003068642661673948,0.0670119896531105,0.014072561287078848
L08_VERTICAL_INVALID,0.8,False,route,velocity_reference,55.539999999999985,0.7964513595739554,-0.7176898467582763,0.07876151281567911,0.0014181042998861926,0.05394303604221028,0.20290492957746478,0.05201728378191784,0.4096397313534201,0.08450846061845287,0.03900741382180329,0.6025661650191617,0.000986352046293235,0.004214179569017131,0.005252351296802567,0.013810082655658739,0.013469122359917188,-0.003068642661673948,0.0670119896531105,0.014072561287078848
L08_VERTICAL_INVALID,0.8,False,route,velocity_state_feedback,55.539999999999985,0.7886174859932599,-0.8082467245574837,-0.019629238564223828,-0.0003534252532269325,0.05323736468754611,0.5218603286384976,-0.012292365521457762,0.4136237900835286,0.08627437985696246,0.03941286315512117,0.5968864100197682,0.005040865725416103,0.009526856571629914,0.017910733144764945,0.013810082655658739,0.013469122359917188,-0.003068642661673948,0.0670119896531105,0.014072561287078848
L08_VERTICAL_INVALID,0.8,False,route,acceleration_damping,55.539999999999985,0.0,0.0,0.0,0.0,0.0,0.0,nan,0.0,0.0,0.0,nan,0.0,0.0,nan,0.013810082655658739,0.013469122359917188,-0.003068642661673948,0.0670119896531105,0.014072561287078848
L08_VERTICAL_INVALID,0.8,False,route,z3_disturbance,55.539999999999985,0.06586441012118252,-0.0554169187682512,0.01044749135293132,0.0001881075144568117,0.0035087651044873255,0.5272887323943662,0.08614261938419053,0.031400905583469196,0.0001977269983689362,0.0018868181666030044,0.5647506695764447,0.0023679622548764627,0.006529568014818835,0.1299179489276403,0.013810082655658739,0.013469122359917188,-0.003068642661673948,0.0670119896531105,0.014072561287078848
L08_VERTICAL_INVALID,0.8,False,route,velocity_tracking_actual,55.539999999999985,0.10895154056054636,-0.23046880438899542,-0.12151726382844906,-0.002187923367454971,0.011918178017986964,0.363556338028169,-0.35801408382433236,0.0818235717030938,9.3131201798532e-05,0.0012949251503829103,0.04965290521810981,0.04626757552886944,0.02886259886793643,0.2199139834288324,0.013810082655658739,0.013469122359917188,-0.003068642661673948,0.0670119896531105,0.014072561287078848
L08_VERTICAL_INVALID,0.8,False,route,velocity_observer_estimation,55.539999999999985,0.21223201733515984,-0.03156116468675802,0.18067085264840183,0.0032529861838026986,0.008120794691508995,0.7554284037558685,0.7410824664988329,0.05787404257874031,5.055888032711488e-05,0.0009541041526026348,0.05367489522367879,0.040588330923329544,0.02703321251908623,0.3479437876482879,0.013810082655658739,0.013469122359917188,-0.003068642661673948,0.0670119896531105,0.014072561287078848
L08_VERTICAL_INVALID,0.8,False,motion,nominal_total,24.63199999999999,0.10751409780395077,-0.0404456545776338,0.06706844322631697,0.0027228176041863023,0.010959574395009193,0.5456944902672385,0.45328842571558986,0.06775890496408389,0.0001058617938706675,0.002073097779959332,0.17991278667839558,0.0011919898081318907,0.006956430220192495,0.022732800254035786,0.0017116498929681256,0.027911442331969738,0.10479916975600645,0.0670119896531105,0.02103902271749653
L08_VERTICAL_INVALID,0.8,False,motion,position_feedback,24.63199999999999,0.03454329550927053,-0.03790907223066224,-0.003365776721391711,-0.0001366424456557207,0.004342389551716195,0.5021445067634444,-0.04645502730115241,0.03432190791143344,0.0001398274397789429,0.0023825738177172327,0.44742087515921564,0.0005346976265230843,0.004659124226340685,0.04832768004928278,0.0017116498929681256,0.027911442331969738,0.10479916975600645,0.0670119896531105,0.02103902271749653
L08_VERTICAL_INVALID,0.8,False,motion,velocity_error_combined,24.63199999999999,0.101842812845607,-0.031408587688926126,0.07043422515668088,0.002859460261313775,0.010099438180196993,0.6100296931705708,0.5285814998877052,0.06062431706705276,3.2632612050659675e-05,0.0011510020072806276,0.06429622064528888,0.001908293449441272,0.008801825248058268,0.048199550424596616,0.0017116498929681256,0.027911442331969738,0.10479916975600645,0.0670119896531105,0.02103902271749653
L08_VERTICAL_INVALID,0.8,False,motion,velocity_reference,24.63199999999999,0.7964513595739554,-0.7176898467582763,0.07876151281567911,0.0031975281266514756,0.08100064659535053,0.45628505443747935,0.05201728378191784,0.6151133778382182,0.08450846061845287,0.05857337616492482,0.6025661650191617,0.000986352046293235,0.006327995140877811,0.005252351296802567,0.0017116498929681256,0.027911442331969738,0.10479916975600645,0.0670119896531105,0.02103902271749653
L08_VERTICAL_INVALID,0.8,False,motion,velocity_state_feedback,24.63199999999999,0.7668262120754971,-0.7751535014628606,-0.00832728938736349,-0.00033806793550517593,0.07982225419075244,0.535136918508743,-0.005400388419024647,0.6193901509873952,0.08627087730701598,0.059180995912205145,0.5971891822718502,0.002769615055542251,0.010603759466524023,0.011063542830571956,0.0017116498929681256,0.027911442331969738,0.10479916975600645,0.0670119896531105,0.02103902271749653
L08_VERTICAL_INVALID,0.8,False,motion,acceleration_damping,24.63199999999999,0.0,0.0,0.0,0.0,0.0,0.0,nan,0.0,0.0,0.0,nan,0.0,0.0,nan,0.0017116498929681256,0.027911442331969738,0.10479916975600645,0.0670119896531105,0.02103902271749653
L08_VERTICAL_INVALID,0.8,False,motion,z3_disturbance,24.63199999999999,0.045707760700357515,-0.04341246922768187,0.0022952914726756465,9.318331733824487e-05,0.004800274736532597,0.47937974265918837,0.025754999448823146,0.040190270160158685,0.00018804560029215636,0.0027630055061934745,0.6039418211117769,0.0012660214632804333,0.007169200002887887,0.13658335640541844,0.0017116498929681256,0.027911442331969738,0.10479916975600645,0.0670119896531105,0.02103902271749653
L08_VERTICAL_INVALID,0.8,False,motion,velocity_tracking_actual,24.63199999999999,0.09705690952109619,-0.13927623049688426,-0.042219320975788066,-0.0017140029626416078,0.015764252900855605,0.3635763774331904,-0.17864325321694613,0.09938176329243505,7.986256776396688e-05,0.0018006188689728394,0.04874601282000276,0.03209805517813621,0.03609853039227025,0.22303734882571863,0.0017116498929681256,0.027911442331969738,0.10479916975600645,0.0670119896531105,0.02103902271749653
L08_VERTICAL_INVALID,0.8,False,motion,velocity_observer_estimation,24.63199999999999,0.14073122567870877,-0.028056897235378145,0.11267432844333063,0.004574306935828624,0.010886447663919873,0.7749917518970637,0.6675489157532833,0.07278150436782486,3.736857632734475e-05,0.0012316957368142599,0.045745451478941,0.028336662503420824,0.03391755288837278,0.34288003084052504,0.0017116498929681256,0.027911442331969738,0.10479916975600645,0.0670119896531105,0.02103902271749653
L08_VERTICAL_INVALID,0.8,False,motion_acceleration,nominal_total,3.9839999999999947,0.03171145421977453,-0.00285135807339257,0.028860096146381964,0.007244000036742471,0.013794913352256357,0.6431451612903226,0.8350042786329475,0.07348877469421276,0.0,0.0,0.0,0.0,0.0,0.0,0.0017116498929681256,0.03755334671586752,0.14336678729159757,0.04921509698033333,0.022214933750514285
L08_VERTICAL_INVALID,0.8,False,motion_acceleration,position_feedback,3.9839999999999947,0.007093107616074238,-0.003917730288962963,0.0031753773271112748,0.000797032461624317,0.003884651795238427,0.5463709677419355,0.28838652920851865,0.026104901961174643,0.0,0.0,0.0,0.0,0.0,0.0,0.0017116498929681256,0.03755334671586752,0.14336678729159757,0.04921509698033333,0.022214933750514285
L08_VERTICAL_INVALID,0.8,False,motion_acceleration,velocity_error_combined,3.9839999999999947,0.02774119501583503,-0.002056476720419655,0.025684718295415375,0.0064469674436283654,0.011736036053156746,0.75,0.8619706439736665,0.06410792424351879,0.0,0.0,0.0,0.0,0.0,0.0,0.0017116498929681256,0.03755334671586752,0.14336678729159757,0.04921509698033333,0.022214933750514285
L08_VERTICAL_INVALID,0.8,False,motion_acceleration,velocity_reference,3.9839999999999947,0.19428983547655093,-0.0185367326306697,0.17575310284588122,0.044114734650070646,0.08422452909109303,0.46774193548387094,0.8258043364084974,0.37915019336593003,0.0,0.0,0.0,0.0,0.0,0.0,0.0017116498929681256,0.03755334671586752,0.14336678729159757,0.04921509698033333,0.022214933750514285
L08_VERTICAL_INVALID,0.8,False,motion_acceleration,velocity_state_feedback,3.9839999999999947,0.022741493474801172,-0.17280987799196856,-0.1500683845171674,-0.037667767198084234,0.07478181751936126,0.48185483870967744,-0.7674115675668819,0.34895359087880723,0.0,0.0,0.0,0.0,0.0,0.0,0.0017116498929681256,0.03755334671586752,0.14336678729159757,0.04921509698033333,0.022214933750514285
L08_VERTICAL_INVALID,0.8,False,motion_acceleration,acceleration_damping,3.9839999999999947,0.0,0.0,0.0,0.0,0.0,0.0,nan,0.0,0.0,0.0,nan,0.0,0.0,nan,0.0017116498929681256,0.03755334671586752,0.14336678729159757,0.04921509698033333,0.022214933750514285
L08_VERTICAL_INVALID,0.8,False,motion_acceleration,z3_disturbance,3.9839999999999947,0.008021620057614256,-0.0022193078732197957,0.00580231218439446,0.0014564036607415834,0.0036999803785924025,0.594758064516129,0.5665807067076882,0.023628337936685874,0.0,0.0,0.0,0.0,0.0,0.0,0.0017116498929681256,0.03755334671586752,0.14336678729159757,0.04921509698033333,0.022214933750514285
L08_VERTICAL_INVALID,0.8,False,motion_acceleration,velocity_tracking_actual,3.9839999999999947,0.03069053992086774,-0.009558189514209647,0.02113235040665809,0.005304304820948323,0.015069798770341479,0.5745967741935484,0.5250439132680029,0.0947188973722878,0.0,0.0,0.0,0.0,0.0,0.0,0.0017116498929681256,0.03755334671586752,0.14336678729159757,0.04921509698033333,0.022214933750514285
L08_VERTICAL_INVALID,0.8,False,motion_acceleration,velocity_observer_estimation,3.9839999999999947,0.014810355242615574,-0.010257995004025062,0.004552360238590512,0.0011426607024574594,0.008258420173951779,0.5846774193548387,0.1815979190413843,0.06872349097397815,0.0,0.0,0.0,0.0,0.0,0.0,0.0017116498929681256,0.03755334671586752,0.14336678729159757,0.04921509698033333,0.022214933750514285
L08_VERTICAL_INVALID,0.8,False,motion_cruise,nominal_total,16.631999999999998,0.023337784329889224,-0.03547661886444974,-0.012138834534560519,-0.0007298481562386075,0.0068940410199610095,0.45415057915057916,-0.20639220795032928,0.05788299633298905,2.5674941217241094e-05,0.0012424602144109104,0.20048197851011623,0.0009237337796121702,0.007452486097855586,0.032833225181802275,0.03752894699573517,0.0051061579724773765,-0.12969115609303117,0.0670119896531105,0.018735928952180604
L08_VERTICAL_INVALID,0.8,False,motion_cruise,position_feedback,16.631999999999998,0.01805769075739131,-0.02926765793449603,-0.011209967177104721,-0.0006739999505233719,0.004333971144889249,0.4609073359073359,-0.23687025002367004,0.03646958255629878,6.015281564559406e-05,0.0019017601471749796,0.38713021377158957,0.00034322356053231103,0.004542723545775422,0.06000889396013742,0.03752894699573517,0.0051061579724773765,-0.12969115609303117,0.0670119896531105,0.018735928952180604
L08_VERTICAL_INVALID,0.8,False,motion_cruise,velocity_error_combined,16.631999999999998,0.025072975458780813,-0.02600183558472452,-0.000928860125943707,-5.584777092013631e-05,0.005529315821566014,0.542953667953668,-0.018186266517021616,0.049129854397441976,3.795906878012474e-05,0.0015107254193586247,0.28510583761285263,0.0007813222483167326,0.006853980387854251,0.047995132691039895,0.03752894699573517,0.0051061579724773765,-0.12969115609303117,0.0670119896531105,0.018735928952180604
L08_VERTICAL_INVALID,0.8,False,motion_cruise,velocity_reference,16.631999999999998,0.46403094633968356,-0.6589327162046975,-0.19490176986501395,-0.011718480631614597,0.08428426690261787,0.458011583011583,-0.17356017506693913,0.6999374701546535,0.04070601168663389,0.049471723237727055,0.506632998258794,1.070689660491877e-09,8.023420730109717e-06,0.001021299567181504,0.03752894699573517,0.0051061579724773765,-0.12969115609303117,0.0670119896531105,0.018735928952180604
L08_VERTICAL_INVALID,0.8,False,motion_cruise,velocity_state_feedback,16.631999999999998,0.6603294386657308,-0.46635653097685953,0.19397290768887127,0.011662632737426125,0.08410425380662402,0.5424710424710425,0.17216235305601946,0.7078350693272178,0.042675816212583505,0.050654575466265624,0.5073327906839786,0.0007811809774694844,0.006853360725870629,0.047852296780161674,0.03752894699573517,0.0051061579724773765,-0.12969115609303117,0.0670119896531105,0.018735928952180604
L08_VERTICAL_INVALID,0.8,False,motion_cruise,acceleration_damping,16.631999999999998,0.0,0.0,0.0,0.0,0.0,0.0,nan,0.0,0.0,0.0,nan,0.0,0.0,nan,0.03752894699573517,0.0051061579724773765,-0.12969115609303117,0.0670119896531105,0.018735928952180604
L08_VERTICAL_INVALID,0.8,False,motion_cruise,z3_disturbance,16.631999999999998,0.02213089447079436,-0.02969488040617216,-0.007563985935377798,-0.00045478510914969935,0.003913467597150332,0.4609073359073359,-0.14595027191266446,0.041071505769916236,7.913845792923343e-05,0.002181330910522221,0.47925287349237444,0.0008834763462942945,0.007288282955539864,0.1613765907827122,0.03752894699573517,0.0051061579724773765,-0.12969115609303117,0.0670119896531105,0.018735928952180604
L08_VERTICAL_INVALID,0.8,False,motion_cruise,velocity_tracking_actual,16.631999999999998,0.013007480299312948,-0.09710761858830233,-0.08410013828898938,-0.005056525871151359,0.011947170274664505,0.2644787644787645,-0.7637475617655571,0.08619291128091447,5.1801040768595505e-05,0.0017648061340420642,0.09666799235607003,0.018193862361861126,0.0330742659542728,0.30700648190303675,0.03752894699573517,0.0051061579724773765,-0.12969115609303117,0.0670119896531105,0.018735928952180604
L08_VERTICAL_INVALID,0.8,False,motion_cruise,velocity_observer_estimation,16.631999999999998,0.08573269840565952,-0.002555800555140366,0.08317689785051915,0.005001015984278449,0.008847305378966558,0.8359073359073359,0.9421034316989546,0.06134560018861724,1.619036098635888e-05,0.0009866338873925097,0.05523774672559033,0.016836126583195825,0.031816239926926816,0.39075762260727703,0.03752894699573517,0.0051061579724773765,-0.12969115609303117,0.0670119896531105,0.018735928952180604
L08_VERTICAL_INVALID,0.8,False,motion_deceleration,nominal_total,3.9919999999999973,0.05205318015776711,-0.0021012348454387117,0.0499519453123284,0.012513012352787683,0.01872253381469877,0.8525641025641025,0.9223983918831244,0.09445449665963485,0.0,0.0,0.0,0.0,0.0,0.0,0.00511870626360178,0.027911442331969738,0.09117094427347183,0.04997821897268295,0.0270304852419875
L08_VERTICAL_INVALID,0.8,False,motion_deceleration,position_feedback,3.9919999999999973,0.009290670685017523,-0.004705519788799844,0.004585150896217679,0.0011485848938421047,0.0047786682856656125,0.6388888888888888,0.32759992119249215,0.032229977778821764,0.0,0.0,0.0,0.0,0.0,0.0,0.00511870626360178,0.027911442331969738,0.09117094427347183,0.04997821897268295,0.0270304852419875
L08_VERTICAL_INVALID,0.8,False,motion_deceleration,velocity_error_combined,3.9919999999999973,0.04871706823875128,-0.003350275383781953,0.04536679285496933,0.011364427067878095,0.01905292071129286,0.7606837606837606,0.8713099170923693,0.09211645371764465,0.0,0.0,0.0,0.0,0.0,0.0,0.00511870626360178,0.027911442331969738,0.09117094427347183,0.04997821897268295,0.0270304852419875
L08_VERTICAL_INVALID,0.8,False,motion_deceleration,velocity_reference,3.9919999999999973,0.1356377278713039,-0.03997139401338065,0.09566633385792325,0.023964512489459747,0.060896679360865506,0.4423076923076923,0.5447685907839314,0.3836166704464582,0.0,0.0,0.0,0.0,0.0,0.0,0.00511870626360178,0.027911442331969738,0.09117094427347183,0.04997821897268295,0.0270304852419875
L08_VERTICAL_INVALID,0.8,False,motion_deceleration,velocity_state_feedback,3.9919999999999973,0.08350455456878988,-0.1338040953269224,-0.050299540758132505,-0.012600085360253642,0.06470210510732906,0.5534188034188035,-0.23146589324572012,0.39468292880325184,0.0,0.0,0.0,0.0,0.0,0.0,0.00511870626360178,0.027911442331969738,0.09117094427347183,0.04997821897268295,0.0270304852419875
L08_VERTICAL_INVALID,0.8,False,motion_deceleration,acceleration_damping,3.9919999999999973,0.0,0.0,0.0,0.0,0.0,0.0,nan,0.0,0.0,0.0,nan,0.0,0.0,nan,0.00511870626360178,0.027911442331969738,0.09117094427347183,0.04997821897268295,0.0270304852419875
L08_VERTICAL_INVALID,0.8,False,motion_deceleration,z3_disturbance,3.9919999999999973,0.015449081986618646,-0.011474267934710956,0.00397481405190769,0.0009956949027824882,0.008031095707315025,0.4444444444444444,0.1476344534956516,0.048675686198786663,0.0,0.0,0.0,0.0,0.0,0.0,0.00511870626360178,0.027911442331969738,0.09117094427347183,0.04997821897268295,0.0270304852419875
L08_VERTICAL_INVALID,0.8,False,motion_deceleration,velocity_tracking_actual,3.9919999999999973,0.053165033334436076,-0.03261042239437227,0.020554610940063806,0.005148950636288532,0.026672044229387,0.5811965811965812,0.23963278032646326,0.14495666292977358,0.0,0.0,0.0,0.0,0.0,0.0,0.00511870626360178,0.027911442331969738,0.09117094427347183,0.04997821897268295,0.0270304852419875
L08_VERTICAL_INVALID,0.8,False,motion_deceleration,velocity_observer_estimation,3.9919999999999973,0.04006669482072934,-0.015239342632497401,0.024827352188231937,0.006219276600258505,0.01835219673368736,0.7051282051282052,0.4489085338870798,0.11084044182208594,0.0,0.0,0.0,0.0,0.0,0.0,0.00511870626360178,0.027911442331969738,0.09117094427347183,0.04997821897268295,0.0270304852419875
L08_VERTICAL_INVALID,0.8,False,hover,nominal_total,20.723999999999997,0.017829084342550656,-0.02530260971460413,-0.007473525372053473,-0.00036062176085955775,0.0045117095343871205,0.5555113410266613,-0.17327224296245206,0.04978340283272588,3.154212197412127e-05,0.0012336974344945616,0.21791669231544114,0.003648979052274874,0.013269326897009312,0.1175451702148215,0.021285962720867246,0.0017599790226086043,-0.07810393479303457,0.0477789044380188,0.008375651760733712
L08_VERTICAL_INVALID,0.8,False,hover,position_feedback,20.723999999999997,0.010235246630866637,-0.012214747368237138,-0.001979500737370502,-9.551731023791267e-05,0.0015962226217912355,0.471150019896538,-0.08817377579029756,0.02568865531922773,3.0472960177666718e-05,0.0012126082824371373,0.42868911301553425,0.0004739082242904217,0.004782008359620213,0.0990591638365365,0.021285962720867246,0.0017599790226086043,-0.07810393479303457,0.0477789044380188,0.008375651760733712
L08_VERTICAL_INVALID,0.8,False,hover,velocity_error_combined,20.723999999999997,0.016088158482978523,-0.021582183161248773,-0.005494024678270249,-0.00026510445272487213,0.003918597872416044,0.5049741345005969,-0.14584483279068344,0.042475758806251894,2.4170072182755504e-06,0.00034150902240705905,0.036590731007401095,0.002084282450859977,0.010028627357199029,0.10506827587883394,0.021285962720867246,0.0017599790226086043,-0.07810393479303457,0.0477789044380188,0.008375651760733712
L08_VERTICAL_INVALID,0.8,False,hover,velocity_reference,20.723999999999997,0.0,0.0,0.0,0.0,0.0,0.0,nan,0.0,0.0,0.0,nan,0.0,0.0,nan,0.021285962720867246,0.0017599790226086043,-0.07810393479303457,0.0477789044380188,0.008375651760733712
L08_VERTICAL_INVALID,0.8,False,hover,velocity_state_feedback,20.723999999999997,0.016088158482978523,-0.021582183161248773,-0.005494024678270249,-0.00026510445272487213,0.003918597872416044,0.5049741345005969,-0.14584483279068344,0.04247568819318079,2.4170072182755504e-06,0.00034150902240705905,0.036590731007401095,0.002084279720612801,0.010028620788837702,0.10506790960669138,0.021285962720867246,0.0017599790226086043,-0.07810393479303457,0.0477789044380188,0.008375651760733712
L08_VERTICAL_INVALID,0.8,False,hover,acceleration_damping,20.723999999999997,0.0,0.0,0.0,0.0,0.0,0.0,nan,0.0,0.0,0.0,nan,0.0,0.0,nan,0.021285962720867246,0.0017599790226086043,-0.07810393479303457,0.0477789044380188,0.008375651760733712
L08_VERTICAL_INVALID,0.8,False,hover,z3_disturbance,20.723999999999997,0.016515105583719547,-0.009305089546539642,0.007210016037179905,0.0003479065835350273,0.0022336508560752573,0.6255471547950656,0.2792394093385587,0.023373824471318538,9.23847098660684e-06,0.0006676721446728146,0.2588305845522915,0.0010166387798863834,0.007004006559730405,0.18165739926956706,0.021285962720867246,0.0017599790226086043,-0.07810393479303457,0.0477789044380188,0.008375651760733712
L08_VERTICAL_INVALID,0.8,False,hover,velocity_tracking_actual,20.723999999999997,0.009235142839746389,-0.06419721919786314,-0.05496207635811676,-0.002652097874836748,0.007849871955820797,0.3816155988857939,-0.7484721290861797,0.0671947779881741,1.218688754323901e-05,0.0007668485663817691,0.06378555679338226,0.011644816459853515,0.023704430840893694,0.27694737172013434,0.021285962720867246,0.0017599790226086043,-0.07810393479303457,0.0477789044380188,0.008375651760733712
L08_VERTICAL_INVALID,0.8,False,hover,velocity_observer_estimation,20.723999999999997,0.052149073763423315,-0.0026804335147720525,0.04946864024865126,0.0023870218224595285,0.005234928916539375,0.714683645045762,0.9022266057883029,0.04380857056835933,1.2481818822465718e-05,0.0007760722334212458,0.12497537195145055,0.010495739584272485,0.02250451881993387,0.4357240764023865,0.021285962720867246,0.0017599790226086043,-0.07810393479303457,0.0477789044380188,0.008375651760733712
L08_VERTICAL_INVALID,0.8,False,terminal_10s,nominal_total,10.183999999999997,0.006600908515232732,-0.014658632064381394,-0.008057723549148662,-0.0007912140170020291,0.005257581119806547,0.47877358490566035,-0.3790168239512781,0.04493649941022935,9.283678356547679e-07,0.00030192623220111147,0.04514490762509661,0.0002957772628784889,0.005389186305336836,0.017624023597366607,0.03230029344558716,0.002536415820941329,-0.02976387762464583,0.05019601061940193,0.008994353670788657
L08_VERTICAL_INVALID,0.8,False,terminal_10s,position_feedback,10.183999999999997,0.00463250089740801,-0.00688229997216694,-0.00224979907475893,-0.00022091507018449832,0.002339208902003746,0.5518867924528302,-0.19538323764707688,0.02313558227567231,3.325385170401123e-06,0.0005714283493533808,0.5266691139823841,3.9417574641772364e-05,0.0019673686834708742,0.012687854936965153,0.03230029344558716,0.002536415820941329,-0.02976387762464583,0.05019601061940193,0.008994353670788657
L08_VERTICAL_INVALID,0.8,False,terminal_10s,velocity_error_combined,10.183999999999997,0.005703115434784194,-0.011511039933374342,-0.005807924498590148,-0.0005702989491938482,0.003826638530587028,0.5235849056603774,-0.33739235962359293,0.038028972564223405,1.0855427282272833e-06,0.00032648577659082165,0.08292046631435068,0.00018697032688886136,0.004284766386390833,0.016591122493116017,0.03230029344558716,0.002536415820941329,-0.02976387762464583,0.05019601061940193,0.008994353670788657
L08_VERTICAL_INVALID,0.8,False,terminal_10s,velocity_reference,10.183999999999997,0.0,0.0,0.0,0.0,0.0,0.0,nan,0.0,0.0,0.0,nan,0.0,0.0,nan,0.03230029344558716,0.002536415820941329,-0.02976387762464583,0.05019601061940193,0.008994353670788657
L08_VERTICAL_INVALID,0.8,False,terminal_10s,velocity_state_feedback,10.183999999999997,0.005703115434784194,-0.011511039933374342,-0.005807924498590148,-0.0005702989491938482,0.003826638530587028,0.5235849056603774,-0.33739235962359293,0.038028872378817934,1.0855427282272833e-06,0.00032648577659082165,0.08292046631435068,0.00018697094926105174,0.004284773517782392,0.01659115565446366,0.03230029344558716,0.002536415820941329,-0.02976387762464583,0.05019601061940193,0.008994353670788657
L08_VERTICAL_INVALID,0.8,False,terminal_10s,acceleration_damping,10.183999999999997,0.0,0.0,0.0,0.0,0.0,0.0,nan,0.0,0.0,0.0,nan,0.0,0.0,nan,0.03230029344558716,0.002536415820941329,-0.02976387762464583,0.05019601061940193,0.008994353670788657
L08_VERTICAL_INVALID,0.8,False,terminal_10s,z3_disturbance,10.183999999999997,0.0036415438371054697,-0.002699359994029691,0.0009421838430757785,9.25160882831676e-05,0.0011208678722943667,0.4473270440251572,0.14858825621190772,0.018942190174655066,4.4292709017299376e-07,0.00020854843076505597,0.14489393665789554,8.53020117096461e-05,0.002894146035620092,0.025380600412208954,0.03230029344558716,0.002536415820941329,-0.02976387762464583,0.05019601061940193,0.008994353670788657
L08_VERTICAL_INVALID,0.8,False,terminal_10s,velocity_tracking_actual,10.183999999999997,0.0026594881997037776,-0.02699535469424801,-0.02433586649454423,-0.00238961768406758,0.006941455958321767,0.3278301886792453,-0.8206371748982564,0.058615728205934026,1.081746491326129e-06,0.0003259144021037395,0.02339227413555392,0.0025247038908797117,0.015745121973310024,0.1033485574713078,0.03230029344558716,0.002536415820941329,-0.02976387762464583,0.05019601061940193,0.008994353670788657
L08_VERTICAL_INVALID,0.8,False,terminal_10s,velocity_observer_estimation,10.183999999999997,0.01935171789302776,-0.0008238339366078237,0.018527883956419938,0.0018193130357835765,0.004151583285375707,0.789308176100629,0.9183334420228642,0.03935519328973162,7.084851773044152e-07,0.000263758332761974,0.028123881731915757,0.0017559288356362361,0.013130892930012706,0.17699371408167347,0.03230029344558716,0.002536415820941329,-0.02976387762464583,0.05019601061940193,0.008994353670788657
