run,rope_length_m,quality_valid,action,component,duration_s,positive_integral_j_kg,negative_integral_j_kg,net_integral_j_kg,net_mean_power_w_kg,power_rms_w_kg,positive_time_ratio,injection_bias,acceleration_rms_m_s2,power_band_energy_w2_s_kg2,power_band_rms_w_kg,power_band_fraction,acceleration_band_energy_m2_s3,acceleration_band_rms_m_s2,acceleration_band_fraction
L06_VALID,0.6,True,action_01_hold,nominal_total,5.18,0.0015583434058344192,-0.001052055668457796,0.0005062877373766233,9.773894543950257e-05,0.0007003756765270169,0.5687789799072643,0.193950320609081,0.03608780422092705,2.8028518357736087e-07,0.00023261364706035268,0.20666818625219144,0.0004921761540073826,0.009747548489021573,0.17251695047795698
L06_VALID,0.6,True,action_01_hold,position_feedback,5.18,0.0006271951632165822,-0.0006123144770972427,1.4880686119339505e-05,2.8727193280578196e-06,0.00033085705047116993,0.5363214837712519,0.01200530083458806,0.018086968082608172,2.951866522572122e-07,0.000238717071455091,0.39159371305926727,5.480263189113915e-05,0.003252638723597055,0.08776490022974699
L06_VALID,0.6,True,action_01_hold,velocity_error_combined,5.18,0.0014983741633074036,-0.0010069671196160923,0.0004914070436913113,9.48662246508323e-05,0.0006626989953118999,0.47295208655332305,0.19614375376351356,0.03332473540504566,2.7924541302852346e-07,0.0002321817841552979,0.15199779259900986,0.0003403095878932732,0.008105358205509984,0.0978456106781617
L06_VALID,0.6,True,action_01_hold,velocity_reference,5.18,0.0,0.0,0.0,0.0,0.0,0.0,nan,0.0,0.0,0.0,nan,0.0,0.0,nan
L06_VALID,0.6,True,action_01_hold,velocity_state_feedback,5.18,0.0014983741633074036,-0.0010069671196160923,0.0004914070436913113,9.48662246508323e-05,0.0006626989953118999,0.47295208655332305,0.19614375376351356,0.03332473540504566,2.7924541302852346e-07,0.0002321817841552979,0.15199779259900986,0.0003403095878932732,0.008105358205509984,0.0978456106781617
L06_VALID,0.6,True,action_01_hold,velocity_tracking_actual,5.18,0.0017555922641823093,-0.002284849974511654,-0.0005292577103293446,-0.00010217330315238313,0.001099282399175304,0.3894899536321484,-0.1309900449165739,0.05936245875290672,1.7894301311676135e-06,0.0005877498041443655,0.252968480000223,0.0007467737975931966,0.012006865777137362,0.06348621400759782
L06_VALID,0.6,True,action_01_hold,velocity_observer_estimation,5.18,0.0017649782629502945,-0.000744313326133432,0.0010206649368168625,0.0001970395630920584,0.000625772085879287,0.5301391035548686,0.4067542175078826,0.038139902678178864,7.001371659299048e-07,0.0003676433258531741,0.3164597926838564,0.0004344366366367394,0.00915795154883444,0.11826249934560645
L06_VALID,0.6,True,action_01_hold,z3_disturbance,5.18,0.0005516375213383054,-0.00045693876429368134,9.469875704462409e-05,1.828161332907801e-05,0.0002503989768592146,0.5332302936630603,0.09389349957329667,0.01625266878291328,1.2741682187679043e-07,0.0001568369920049363,0.4031459998354608,7.212559741434833e-05,0.0037314689473048617,0.18973141682713646
L06_VALID,0.6,True,action_02_north,nominal_total,6.1640000000000015,0.028880667297670772,-0.01040986765265192,0.018470799645018854,0.002996560617297023,0.011214294009589147,0.6530880420499343,0.4701081231999656,0.08162545406276212,9.690000911467887e-06,0.0012538067221363701,0.07652344772097562,0.0008203747968765292,0.011536520439070792,0.03492837927283744
L06_VALID,0.6,True,action_02_north,position_feedback,6.1640000000000015,0.007491693711880774,-0.007633055950088183,-0.00014136223820740944,-2.293352339510211e-05,0.003496457046888413,0.5295663600525624,-0.009346418378273293,0.03733790268597401,2.3820920933399058e-05,0.0019658390545557024,0.4041969785620293,0.00011454804848410311,0.004310846236698845,0.024501695898554617
L06_VALID,0.6,True,action_02_north,velocity_error_combined,6.1640000000000015,0.026945332607618267,-0.008333172274198709,0.01861216033341956,0.003019493889263393,0.010700048404482928,0.5703022339027596,0.5275779230375639,0.07167654553041637,4.7731993182062785e-06,0.0008799813539819935,0.055595019549446734,0.000765992351979277,0.011147587802696663,0.043401366274097755
L06_VALID,0.6,True,action_02_north,velocity_reference,6.1640000000000015,0.20288103957520787,-0.18695011158913974,0.015930927986068127,0.002584511354001967,0.08118161554399345,0.46780551905387646,0.040866226155825754,0.7090694535059016,0.020215005754224136,0.05726715651362841,0.5683034806253051,0.000350468379128861,0.007540377780209506,0.005464829721229582
L06_VALID,0.6,True,action_02_north,velocity_state_feedback,6.1640000000000015,0.2029204714211882,-0.20023923970333263,0.002681231717855559,0.00043498243313685244,0.08150861572297624,0.4967148488830486,0.00665054479371682,0.7146221314624073,0.020773932856694294,0.0580534516962082,0.5664760283198498,0.0018715461303117657,0.017424846182656953,0.022382170812865664
L06_VALID,0.6,True,action_02_north,velocity_tracking_actual,6.1640000000000015,0.03585574301983607,-0.03530054048806966,0.0005552025317664133,9.007179295366859e-05,0.018118106462552314,0.392904073587385,0.007802579117341453,0.12214407693761267,1.902920664149573e-06,0.0005556214788850752,0.00546092729666024,0.005709560405726809,0.030434769784427235,0.1016279467066533
L06_VALID,0.6,True,action_02_north,velocity_observer_estimation,6.1640000000000015,0.0317731555612644,-0.01370882923897944,0.01806432632228496,0.0029306175084823096,0.010259948411099116,0.6386333771353482,0.3971754179511558,0.0783525308406018,8.30895056451417e-06,0.0011610255377207715,0.0357622862006824,0.006701560635568341,0.0329728631947981,0.21917827418368158
L06_VALID,0.6,True,action_02_north,z3_disturbance,6.1640000000000015,0.009429180474859099,-0.009074552396723761,0.00035462807813533767,5.753213467477897e-05,0.004024707472579751,0.5939553219448095,0.019165218207400646,0.04115526742239517,2.737280304289932e-05,0.0021073094816865387,0.5435570348378206,0.0002562026966100252,0.006447042501028087,0.07115090327124736
L06_VALID,0.6,True,action_03_hold,nominal_total,5.192,0.00682714092532115,-0.012610161939519469,-0.005783021014198319,-0.0011138330150613095,0.006068241023700693,0.37191358024691357,-0.29752178347022623,0.06665134885875545,2.3007399558765118e-05,0.0021050694350587466,0.15693831574943246,0.000932981624969824,0.01340507361583516,0.03402730515025307
L06_VALID,0.6,True,action_03_hold,position_feedback,5.192,0.004462547058294944,-0.0077060094749767825,-0.0032434624166818382,-0.0006247038552931122,0.003618918019080632,0.4876543209876543,-0.2665445492909074,0.04272711906238231,1.44378028974164e-05,0.001667566693790358,0.28064917745581014,5.2116242917631696e-05,0.0031682482813247203,0.009136587147314537
L06_VALID,0.6,True,action_03_hold,velocity_error_combined,5.192,0.006661074853265747,-0.009200633381804442,-0.0025395585285386954,-0.0004891291464827996,0.00464182367836919,0.46141975308641975,-0.16010624397463946,0.056790334679246074,2.0028964231099277e-06,0.0006211005353573385,0.04260901055962626,0.0007903326378106371,0.012337796895878914,0.05058790617543039
L06_VALID,0.6,True,action_03_hold,velocity_reference,5.192,0.0,0.0,0.0,0.0,0.0,0.0,nan,0.0,0.0,0.0,nan,0.0,0.0,nan
L06_VALID,0.6,True,action_03_hold,velocity_state_feedback,5.192,0.006661074853265747,-0.009200633381804442,-0.0025395585285386954,-0.0004891291464827996,0.00464182367836919,0.46141975308641975,-0.16010624397463946,0.056790334679246074,2.0028964231099277e-06,0.0006211005353573385,0.04260901055962626,0.0007903326378106371,0.012337796895878914,0.05058790617543039
L06_VALID,0.6,True,action_03_hold,velocity_tracking_actual,5.192,0.004835848950210851,-0.03312190486628521,-0.02828605591607436,-0.005448007687995832,0.013569468222510267,0.44753086419753085,-0.7451983605990279,0.10199220101039182,1.4875370719488913e-05,0.0016926476283439015,0.06446236470898309,0.0009751055497672861,0.01370435096300711,0.03142545953184993
L06_VALID,0.6,True,action_03_hold,velocity_observer_estimation,5.192,0.028071013248286588,-0.0023268847042438546,0.025744128544042733,0.0049584222927663195,0.011222653858023334,0.6728395061728395,0.8469048940240845,0.07133563399827562,6.943959706631148e-06,0.0011564750140551625,0.05266700702646806,0.0010626271348399593,0.01430616102342048,0.06436488075605254
L06_VALID,0.6,True,action_03_hold,z3_disturbance,5.192,0.00672180395304167,-0.005876130739889045,0.0008456732131526248,0.0001628800487582097,0.0036544635728932478,0.5740740740740741,0.06712792483574083,0.034650497229905736,4.255890322332616e-06,0.0009053736940473807,0.14631218839536275,1.7928111567108808e-05,0.0018582319851859887,0.0033647810450694155
L06_VALID,0.6,True,action_04_east,nominal_total,6.192,0.021597784001540256,-0.010687770802342617,0.010910013199197639,0.0017619530360461302,0.009416755837407392,0.5316946959896507,0.33792243204337097,0.08400407671165055,1.0539555084676274e-05,0.0013046549464049814,0.08456747509098113,0.0009215001328179697,0.01219922460164805,0.032807578155773655
L06_VALID,0.6,True,action_04_east,position_feedback,6.192,0.008671840123246528,-0.008122613401217678,0.0005492267220288498,8.869940601241114e-05,0.004373855760565161,0.51875808538163,0.03270286355127901,0.04162700301985516,3.169075452495833e-05,0.0022623032315879934,0.3018224334994945,0.0001031098049249999,0.004080698503759529,0.013436514969189732
L06_VALID,0.6,True,action_04_east,velocity_error_combined,6.192,0.01762503810042467,-0.007264252946406511,0.01036078515401816,0.0016732534163466021,0.00719001825766049,0.4683053040103493,0.4162748201434713,0.0686711558761931,1.5101125543863884e-05,0.0015616697041423,0.17868965056364372,0.00103001890647353,0.012897547155242122,0.04649189877794301
L06_VALID,0.6,True,action_04_east,velocity_reference,6.192,0.1724336420395412,-0.16397724586224655,0.008456396177294656,0.0013656970570566304,0.0736556714039858,0.463130659767141,0.025137106084876265,0.7082649036191887,0.014478628747546286,0.04835576321897973,0.48637328707672817,0.0003779364686846314,0.00781257008944923,0.005704401132622687
L06_VALID,0.6,True,action_04_east,velocity_state_feedback,6.192,0.17152470789736252,-0.16962031925283377,0.0019043886445287428,0.0003075563056409468,0.07263694700969504,0.5019404915912031,0.005582343264497581,0.7194946111543299,0.015354185744702476,0.04979639706163657,0.4896863368535803,0.0019726261511620567,0.017848713533475564,0.01715886421708958
L06_VALID,0.6,True,action_04_east,velocity_tracking_actual,6.192,0.01809117009492332,-0.024516292047094563,-0.0064251219521712435,-0.0010376488940845032,0.01099670462896746,0.4760672703751617,-0.15079804403170563,0.10546658560741812,2.6148174544021466e-05,0.002054968711608092,0.08064455910485999,0.007091483591633017,0.033841770608601864,0.11130948500843446
L06_VALID,0.6,True,action_04_east,velocity_observer_estimation,6.192,0.02186475867420773,-0.00507872113044869,0.01678603754375904,0.0027109233759300775,0.006912484589721029,0.6183699870633894,0.6230092647816802,0.0701984992912441,2.2766536888376337e-06,0.0006063634465683458,0.013011805911657631,0.004242190929696814,0.02617457457685227,0.14025285502423043
L06_VALID,0.6,True,action_04_east,z3_disturbance,6.192,0.008837144509430803,-0.008356636962746047,0.0004805075466847563,7.76013479788043e-05,0.003831063289513713,0.5420439844760673,0.027946589146914447,0.04228149798348787,4.3308361804125586e-05,0.0026446633958616475,0.4441814361002249,0.00015046827753846623,0.0049295468776554855,0.02887151848041668
L06_VALID,0.6,True,action_05_hold,nominal_total,5.180000000000007,0.0029521508862762847,-0.008393478337275167,-0.0054413274509988825,-0.0010504493148646478,0.003791688673421744,0.4074074074074074,-0.47959679836034846,0.061717372881591945,1.1864014202321906e-06,0.0004785760370211272,0.05022692104027725,0.0010529227204168939,0.014257171333873194,0.05543188515461064
L06_VALID,0.6,True,action_05_hold,position_feedback,5.180000000000007,0.003264677802534615,-0.006503647915695181,-0.003238970113160566,-0.0006252838056294521,0.0035144403963695337,0.5370370370370371,-0.33157884028334056,0.03254409282670415,1.8077568219576555e-06,0.0005907518967102251,0.14539818978129687,0.00014276019256643862,0.005249750730733191,0.0540124171448467
L06_VALID,0.6,True,action_05_hold,velocity_error_combined,5.180000000000007,0.004956769243832241,-0.007159126529149967,-0.0022023572853177263,-0.0004251654990960856,0.0037477977453869585,0.39351851851851855,-0.18177420197265678,0.057126841637428045,1.1451323791447324e-06,0.0004701787180019074,0.0717583696947613,0.0007830542044945249,0.012295070774356412,0.052359724115546534
L06_VALID,0.6,True,action_05_hold,velocity_reference,5.180000000000007,0.0,0.0,0.0,0.0,0.0,0.0,nan,0.0,0.0,0.0,nan,0.0,0.0,nan
L06_VALID,0.6,True,action_05_hold,velocity_state_feedback,5.180000000000007,0.004956769243832241,-0.007159126529149967,-0.0022023572853177263,-0.0004251654990960856,0.0037477977453869585,0.39351851851851855,-0.18177420197265678,0.057126841637428045,1.1451323791447324e-06,0.0004701787180019074,0.0717583696947613,0.0007830542044945249,0.012295070774356412,0.052359724115546534
L06_VALID,0.6,True,action_05_hold,velocity_tracking_actual,5.180000000000007,0.0033746771327785464,-0.02063200425058074,-0.017257327117802194,-0.0033315303316220407,0.007908984356649051,0.2191358024691358,-0.7188551737835975,0.09095279809597454,5.270987540432566e-06,0.0010087443493004894,0.10687365840135116,0.002149752232106632,0.02037179627372776,0.07262971376772061
L06_VALID,0.6,True,action_05_hold,velocity_observer_estimation,5.180000000000007,0.01591349168472374,-0.0008585056920339116,0.01505498599268983,0.00290636795225672,0.005395544256244619,0.7577160493827161,0.8976263026103719,0.0559419534344555,4.502757627544018e-06,0.0009323401896601909,0.14336751090942973,0.0018940570180088529,0.019121926497470947,0.1675728876091671
L06_VALID,0.6,True,action_05_hold,z3_disturbance,5.180000000000007,0.0020339785677755367,-0.0028502304242301736,-0.0008162518564546369,-0.00015757757846614591,0.001450030944047305,0.47685185185185186,-0.16712058345387087,0.026698643880733577,1.484273008246928e-06,0.0005352935557068288,0.25188073380827086,0.00018645634735955376,0.005999619475699743,0.0765755858223874
L06_VALID,0.6,True,action_06_south,nominal_total,6.1839999999999975,0.02983964656036926,-0.010363032550189138,0.01947661401018012,0.00314951714265526,0.012144515101389926,0.49417852522639066,0.4844605991709889,0.08173581942800272,1.2216495635066734e-05,0.001405525022124486,0.0800976926229411,0.0009000928979889172,0.012064488868331474,0.06677146417109828
L06_VALID,0.6,True,action_06_south,position_feedback,6.1839999999999975,0.009642114028940317,-0.009039810739544943,0.0006023032893953742,9.739703903547452e-05,0.004401028813260996,0.5834411384217335,0.03223989481059286,0.03730081895334438,3.4644378124906016e-05,0.002366909455278496,0.4472833327457856,0.00013951290895506524,0.00474976864955537,0.05332859297118142
L06_VALID,0.6,True,action_06_south,velocity_error_combined,6.1839999999999975,0.02742137795219611,-0.008547069649521307,0.0188743083026748,0.003052119712592951,0.01022684630079395,0.46571798188874514,0.5247462584894431,0.06931304294614929,9.556539159028048e-06,0.0012431272353456398,0.0696335971000085,0.0011543997989262446,0.013662915448709246,0.13026672262448713
L06_VALID,0.6,True,action_06_south,velocity_reference,6.1839999999999975,0.2003774648621768,-0.18585570632528836,0.014521758536888446,0.0023482791941928285,0.08425632865053485,0.46054333764553684,0.03759842400962514,0.7080073483869607,0.019297998923846645,0.055862632590109665,0.5099459773223999,0.00037895737324919194,0.007828173457744754,0.005641441989376357
L06_VALID,0.6,True,action_06_south,velocity_state_feedback,6.1839999999999975,0.20059922092384666,-0.19624666991969592,0.004352551004150745,0.0007038407186530962,0.0850090397628074,0.5019404915912031,0.01096786209603654,0.7211762018081983,0.020058123474418602,0.056952187503658804,0.5082362424624783,0.0021615519996119156,0.018695974342076916,0.030503925300956244
L06_VALID,0.6,True,action_06_south,velocity_tracking_actual,6.1839999999999975,0.027307613322753485,-0.03070395862541615,-0.0033963453026626643,-0.0005492149583865889,0.013623406560681981,0.36998706338939197,-0.05854599674866808,0.10783205534098748,1.122310630751149e-05,0.0013471681229188565,0.03719739532722363,0.010996669556358144,0.04216924709365836,0.33006184241193126
L06_VALID,0.6,True,action_06_south,velocity_observer_estimation,6.1839999999999975,0.027288470702876176,-0.005017814187501642,0.022270656515374535,0.003601335141554745,0.00826111993434741,0.7697283311772316,0.6893598750504327,0.06320820140170161,3.661974049475248e-06,0.0007695252784569363,0.026205459747476678,0.005718676087044651,0.0304097611244104,0.35798706020920845
L06_VALID,0.6,True,action_06_south,z3_disturbance,6.1839999999999975,0.009498543233377867,-0.00801307269020617,0.0014854705431716977,0.00024021192483371576,0.00348945327996012,0.5161707632600259,0.0848277251884629,0.04124350769246806,3.7037734615220906e-05,0.002447301448841975,0.5356766057204272,0.00023723943683249944,0.006193821735374866,0.10118682804799477
L06_VALID,0.6,True,action_07_hold,nominal_total,5.171999999999997,0.004464483970921718,-0.009455167912317859,-0.004990683941396141,-0.0009649427574238484,0.00507465235791605,0.4775888717156105,-0.3585351116004087,0.03899250661009943,1.4571169679446554e-06,0.000530784154826443,0.036770929287891226,0.0005097146980319714,0.009927372554587722,0.09888297195277962
L06_VALID,0.6,True,action_07_hold,position_feedback,5.171999999999997,0.004045613324851001,-0.007195727435006127,-0.003150114110155126,-0.0006090707869596148,0.004491501208663784,0.5471406491499228,-0.28022583581881944,0.029894411172358415,1.7188062808554004e-06,0.0005764799510501309,0.15886819306345257,2.4831666855661403e-05,0.002191157917464968,0.0223575047828773
L06_VALID,0.6,True,action_07_hold,velocity_error_combined,5.171999999999997,0.005922799652435053,-0.007763369526997844,-0.0018405698745627905,-0.0003558719788404469,0.004387763930598446,0.5486862442040186,-0.1344839341405143,0.04081125720594999,1.7921787622849861e-06,0.0005886557697763503,0.07853694239072534,0.0003506504012461441,0.008233944057034068,0.08832004664233582
L06_VALID,0.6,True,action_07_hold,velocity_reference,5.171999999999997,0.0,0.0,0.0,0.0,0.0,0.0,nan,0.0,0.0,0.0,nan,0.0,0.0,nan
L06_VALID,0.6,True,action_07_hold,velocity_state_feedback,5.171999999999997,0.005922799652435053,-0.007763369526997844,-0.0018405698745627905,-0.0003558719788404469,0.004387763930598446,0.5486862442040186,-0.1344839341405143,0.04081125720594999,1.7921787622849861e-06,0.0005886557697763503,0.07853694239072534,0.0003506504012461441,0.008233944057034068,0.08832004664233582
L06_VALID,0.6,True,action_07_hold,velocity_tracking_actual,5.171999999999997,0.003107535512387526,-0.022767076240412708,-0.01965954072802518,-0.0038011486326421486,0.00986930185223046,0.3616692426584235,-0.7598004142380054,0.07576283501919612,1.9035431734872132e-06,0.0006066694245612272,0.022154439961812884,0.0006281712949190661,0.011020715350845745,0.05110696447660322
L06_VALID,0.6,True,action_07_hold,velocity_observer_estimation,5.171999999999997,0.01865443597545442,-0.0008354626902811791,0.01781897328517324,0.0034452771239700795,0.0067490690074306125,0.7758887171561051,0.9142671078377671,0.053900224628361,2.5532169126530907e-06,0.0007026104392624787,0.05131950101983308,0.0016046196234111533,0.017613951306524236,0.20332947272969923
L06_VALID,0.6,True,action_07_hold,z3_disturbance,5.171999999999997,0.002709257762551712,-0.0030164425975344757,-0.00030718483498276376,-5.939381960223587e-05,0.001782016379202084,0.4605873261205564,-0.05365017651362737,0.022584990170356537,2.399717832069363e-06,0.0006811626576220261,0.22866326980089663,8.866616735206655e-05,0.004140470645692303,0.07741491552524037
L06_VALID,0.6,True,action_08_west,nominal_total,6.176000000000002,0.030154643219820098,-0.016729055198228433,0.013425588021591665,0.0021738322573820693,0.013103474626405343,0.4501940491591203,0.28635940581904473,0.09800905937331134,2.11292840769127e-06,0.0005849095972854637,0.00920336984730356,0.00017401255260286567,0.005308070045748042,0.004405693858063813
L06_VALID,0.6,True,action_08_west,position_feedback,6.176000000000002,0.010903693943562767,-0.011383353239361935,-0.0004796592957991685,-7.766504141825912e-05,0.006567929121832745,0.5588615782664942,-0.021521886316400906,0.044265228773439635,3.124021057914405e-05,0.0022490718645264344,0.24626722186947395,0.00014709598922040608,0.004880302835639689,0.028615619325733505
L06_VALID,0.6,True,action_08_west,velocity_error_combined,6.176000000000002,0.02658738427550627,-0.012682138584263314,0.013905245691242955,0.0022514970354991825,0.010130947412770826,0.5304010349288486,0.35409764821686823,0.0807291614780734,3.112147576236135e-05,0.0022447937666490625,0.12474912611264043,0.00010626534090236318,0.0041480327462838015,0.0034395597903511483
L06_VALID,0.6,True,action_08_west,velocity_reference,6.176000000000002,0.17158109819570383,-0.1627833177721769,0.00879778042352694,0.0014245110789389472,0.07284276721936045,0.4721862871927555,0.02631195188058547,0.7103484118303178,0.013920998704941479,0.04747681242216058,0.4497943543441722,0.00031848358006577346,0.0071810818952867846,0.005090924561461904
L06_VALID,0.6,True,action_08_west,velocity_state_feedback,6.176000000000002,0.17516635969074557,-0.17005889549059805,0.005107464200147516,0.0008269857837026415,0.07418661575931088,0.5161707632600259,0.01479458447344651,0.7266374195246741,0.015253281218875566,0.04969675076637337,0.4484702245818698,0.00045305495514108877,0.00856489017867974,0.004498399658146959
L06_VALID,0.6,True,action_08_west,velocity_tracking_actual,6.176000000000002,0.026082291011402636,-0.026979145100850192,-0.000896854089447556,-0.0001452160118924151,0.013654654276463745,0.4087968952134541,-0.016902182736822997,0.12515350214408574,0.00010974983787514429,0.004215492296709593,0.13449546488485487,0.006985610873820344,0.033631679166508964,0.08631485470720336
L06_VALID,0.6,True,action_08_west,velocity_observer_estimation,6.176000000000002,0.02064699722922956,-0.005844896282128684,0.014802100947100875,0.0023967132362533792,0.006737025261538009,0.7076326002587322,0.5587407687847817,0.06889603728577359,2.4006534499996008e-05,0.0019715649646850205,0.09564035752637862,0.00601350131800324,0.031203985080592682,0.21767045685949477
L06_VALID,0.6,True,action_08_west,z3_disturbance,6.176000000000002,0.011222190648271868,-0.010918897887360337,0.00030329276091153184,4.910828382634905e-05,0.00567493389999965,0.49676584734799484,0.01369818653782244,0.0475841214302874,4.159809167302596e-05,0.002595273069364814,0.35248432173197075,0.000387835891857447,0.007924472366196861,0.09969480782803761
L06_VALID,0.6,True,action_09_hold,nominal_total,10.215999999999994,0.009038433954972794,-0.013301236090752892,-0.0042628021357800985,-0.0004172672411687648,0.004987423284599162,0.4573218480814409,-0.19081759609944252,0.04904607139001751,9.579235761092051e-07,0.00030621396214683844,0.035704949440372204,0.0013306348593083255,0.011412715895612702,0.05875391515446787
L06_VALID,0.6,True,action_09_hold,position_feedback,10.215999999999994,0.005627515336673236,-0.009016565832659824,-0.003389050495986588,-0.00033173947689766936,0.0038631198606165944,0.5395458104933438,-0.23142800540356037,0.027311463746796605,7.415578902129445e-07,0.0002694213996412789,0.11607403235137778,8.808551746313588e-05,0.0029363769944403353,0.020674024207830977
L06_VALID,0.6,True,action_09_hold,velocity_error_combined,10.215999999999994,0.009741842368568548,-0.010615593905366042,-0.0008737515367974943,-8.552775418926144e-05,0.003960110353952097,0.5340642129992169,-0.042920509490491934,0.04459291665805417,7.071001782096446e-07,0.00026308738923497613,0.04240062393927478,0.000955171734249798,0.009669416979880156,0.05755419367292469
L06_VALID,0.6,True,action_09_hold,velocity_reference,10.215999999999994,0.0,0.0,0.0,0.0,0.0,0.0,nan,0.0,0.0,0.0,nan,0.0,0.0,nan
L06_VALID,0.6,True,action_09_hold,velocity_state_feedback,10.215999999999994,0.009741842368568548,-0.010615593905366042,-0.0008737515367974943,-8.552775418926144e-05,0.003960110353952097,0.5340642129992169,-0.042920509490491934,0.04459291665805417,7.071001782096446e-07,0.00026308738923497613,0.04240062393927478,0.000955171734249798,0.009669416979880156,0.05755419367292469
L06_VALID,0.6,True,action_09_hold,velocity_tracking_actual,10.215999999999994,0.006971930221702423,-0.027261969599280303,-0.02029003937757788,-0.0019861040894261837,0.008132275595824773,0.422866092404072,-0.592688518798015,0.0756306907985717,2.0031042397088554e-06,0.00044280379363581236,0.028332199892105555,0.001798806669922021,0.013269415784227303,0.04786602352604104
L06_VALID,0.6,True,action_09_hold,velocity_observer_estimation,10.215999999999994,0.023324584226325336,-0.003908295907315034,0.0194162883190103,0.0019005763820487776,0.005847375794987027,0.6397807361002349,0.7129722682187276,0.054194664295236214,2.06984119727084e-06,0.0004501197523239229,0.04207087536639805,0.0009484969201854514,0.009635572431727375,0.07621484359342445
L06_VALID,0.6,True,action_09_hold,z3_disturbance,10.215999999999994,0.005072415043926303,-0.004779819116147793,0.00029259592777850993,2.8640948294685798e-05,0.0017353092396037593,0.5340642129992169,0.029698434185034574,0.02318587924044296,5.733720223186883e-07,0.0002369069528296083,0.0948744875981459,0.00013861526638377883,0.0036835374517115473,0.03439698933555811
L08_VALID,0.8,True,action_01_hold,nominal_total,5.192,0.0020955255363551252,-0.000676868339191969,0.0014186571971631563,0.00027323905954606246,0.0006799288142234224,0.6188271604938271,0.5117083866314643,0.03225942505509668,2.2146957656954713e-08,6.531150564072975e-05,0.021034513983290988,0.00046634463583046585,0.009477333227956379,0.16284882908821127
L08_VALID,0.8,True,action_01_hold,position_feedback,5.192,0.000721841600979701,-0.00020817833942555813,0.0005136632615541429,9.89336019942494e-05,0.00023389546455524965,0.6496913580246914,0.5523142453594193,0.013879125783405931,3.752194014968346e-08,8.50110345299342e-05,0.2228158463700112,4.0156489392348186e-05,0.002781061079951581,0.06017218433899305
L08_VALID,0.8,True,action_01_hold,velocity_error_combined,5.192,0.0014959120493672345,-0.0005909181256565717,0.0009049939237106629,0.00017430545526014307,0.0005195210351399696,0.5740740740740741,0.4336691766019431,0.029724919315713076,4.774018331745793e-09,3.032317688157704e-05,0.007837248277377364,0.0002632309117499156,0.007120346069472975,0.08840403691701812
L08_VALID,0.8,True,action_01_hold,velocity_reference,5.192,0.0,0.0,0.0,0.0,0.0,0.0,nan,0.0,0.0,0.0,nan,0.0,0.0,nan
L08_VALID,0.8,True,action_01_hold,velocity_state_feedback,5.192,0.0014959120493672345,-0.0005909181256565717,0.0009049939237106629,0.00017430545526014307,0.0005195210351399696,0.5740740740740741,0.4336691766019431,0.029724919315713076,4.774018331745793e-09,3.032317688157704e-05,0.007837248277377364,0.0002632309117499156,0.007120346069472975,0.08840403691701812
L08_VALID,0.8,True,action_01_hold,velocity_tracking_actual,5.192,0.0003400542059410346,-0.003551728828072008,-0.0032116746221309738,-0.0006185813987155188,0.0009511129127704075,0.1712962962962963,-0.8252450339759126,0.04426495815755191,1.1863436118846185e-07,0.00015116035602473623,0.039004349390051166,0.0009051779583563123,0.013203821457069465,0.1041831548240055
L08_VALID,0.8,True,action_01_hold,velocity_observer_estimation,5.192,0.004223791701910784,-0.00010712290716725682,0.0041166687947435275,0.0007928869019151632,0.001091990785366527,0.8410493827160493,0.9505310462862897,0.028895843430463815,8.29436268956006e-08,0.00012639333378706747,0.027350955285600293,0.001233941361291121,0.015416291692728854,0.32897866571768375
L08_VALID,0.8,True,action_01_hold,z3_disturbance,5.192,0.0009296453990814368,-0.0002574890488085657,0.0006721563502728712,0.00012946000583067627,0.00028331967843163094,0.6450617283950617,0.5662006956899897,0.012176756481127987,2.867824491286023e-08,7.432055476077911e-05,0.10824815147596314,9.491341764936689e-05,0.00427559404971066,0.18454545674232706
L08_VALID,0.8,True,action_02_north,nominal_total,6.192,0.026055823377700956,-0.012248482499489902,0.013807340878211054,0.002229867712889382,0.011536984602805682,0.5981912144702842,0.36046445855145853,0.06126325825817469,1.1289553345240242e-05,0.0013502771120292548,0.0667772327452965,4.5387699875119546e-05,0.002707407411047087,0.008769247579039524
L08_VALID,0.8,True,action_02_north,position_feedback,6.192,0.010152099875591365,-0.009390441166426173,0.000761658709165192,0.0001230068974749987,0.0050261733570574315,0.5658914728682171,0.038974394758981644,0.03221357396141343,4.246294152847712e-05,0.002618723008484764,0.3911378959944465,0.0001591232044310818,0.0050693384114778,0.08961973930120173
L08_VALID,0.8,True,action_02_north,velocity_error_combined,6.192,0.023699642612631536,-0.010653960073638702,0.013045682538992834,0.0021068608751603412,0.008902065805473211,0.5723514211886305,0.37974714495393147,0.05137652065506059,1.0082703348800069e-05,0.0012760656582177495,0.06539274119137009,0.00022958904637828708,0.0060891981708118565,0.04231690364034385
L08_VALID,0.8,True,action_02_north,velocity_reference,6.192,0.21878531768871468,-0.1954596046605147,0.023325713028199968,0.003767072517474155,0.08910471656385667,0.45348837209302323,0.05630898960913566,0.6120998034034533,0.025377628194729027,0.06401917029933621,0.6200934026622176,0.0003173191102758324,0.007158674900883281,0.006186672481250699
L08_VALID,0.8,True,action_02_north,velocity_state_feedback,6.192,0.20438990422278222,-0.21466993376897153,-0.010280029546189312,-0.0016602114900176538,0.08746372460737488,0.537467700258398,-0.024531173389112995,0.6220242534919439,0.026384509448900407,0.06527682733929335,0.6125010612967982,0.0005841988606710301,0.009713256983086652,0.008735476660768878
L08_VALID,0.8,True,action_02_north,velocity_tracking_actual,6.192,0.010981129743409316,-0.037077805131447664,-0.026096675388038348,-0.004214579358533325,0.012477027625916778,0.32041343669250644,-0.5430140192659859,0.07547332801472986,3.2132977852595314e-06,0.0007203772905720225,0.006458906422567719,0.009863622793965281,0.039911932270020364,0.2948653460570915
L08_VALID,0.8,True,action_02_north,velocity_observer_estimation,6.192,0.04083544894964031,-0.0016930982639404373,0.03914235068569987,0.006321439064228015,0.010020598592806051,0.789405684754522,0.9203782694274695,0.06489397378041518,1.9654844611275794e-05,0.0017816374521391703,0.0709964601738709,0.009084876813381569,0.038303992844012764,0.44165882699373676
L08_VALID,0.8,True,action_02_north,z3_disturbance,6.192,0.01103926910617156,-0.009116272582050444,0.001922996524121116,0.000310561454153927,0.004460570881337034,0.5167958656330749,0.09540783144740927,0.03395249844825784,5.107244754409908e-05,0.002871956527055668,0.579481088821001,0.0004146623887320234,0.008183363614107677,0.2403473880934272
L08_VALID,0.8,True,action_03_hold,nominal_total,5.188000000000002,0.006099197775114584,-0.0073936539684837065,-0.0012944561933691222,-0.00024950967489767185,0.004044592228287307,0.4853168469860896,-0.09593644234498311,0.039185716998005986,1.5246461025005837e-06,0.0005421064071643355,0.07149501041331065,7.003898302716073e-05,0.0036742603991753876,0.03271669790851849
L08_VALID,0.8,True,action_03_hold,position_feedback,5.188000000000002,0.0018647983353548628,-0.004497006991434318,-0.002632208656079455,-0.0005073648142018993,0.0017668940281614582,0.500772797527048,-0.4137518394339076,0.01985675003641677,1.918518429389678e-07,0.0001923016470691062,0.030795028674691315,3.536908008089958e-05,0.0026110302205868776,0.06912316773788203
L08_VALID,0.8,True,action_03_hold,velocity_error_combined,5.188000000000002,0.007086484346674291,-0.005748731900674103,0.0013377524460001884,0.0002578551360833053,0.004385957841648455,0.39258114374034003,0.10422515836276247,0.03837112863054269,6.5057353977607e-07,0.0003541181723488323,0.03879925018930639,9.922097380073664e-05,0.004373224362673292,0.03346551194588331
L08_VALID,0.8,True,action_03_hold,velocity_reference,5.188000000000002,0.0,0.0,0.0,0.0,0.0,0.0,nan,0.0,0.0,0.0,nan,0.0,0.0,nan
L08_VALID,0.8,True,action_03_hold,velocity_state_feedback,5.188000000000002,0.007086484346674291,-0.005748731900674103,0.0013377524460001884,0.0002578551360833053,0.004385957841648455,0.39258114374034003,0.10422515836276247,0.03837112863054269,6.5057353977607e-07,0.0003541181723488323,0.03879925018930639,9.922097380073664e-05,0.004373224362673292,0.03346551194588331
L08_VALID,0.8,True,action_03_hold,velocity_tracking_actual,5.188000000000002,0.005174620170780585,-0.01698761045456032,-0.011812990283779735,-0.0022769834779837565,0.006387546814163372,0.3802163833075734,-0.5330235247291595,0.06846436725656017,1.2918498593290746e-05,0.001577996506588485,0.12362412169277734,0.003444631184903972,0.025767446369150383,0.20917922131508104
L08_VALID,0.8,True,action_03_hold,velocity_observer_estimation,5.188000000000002,0.014289161400347136,-0.0011384167310170997,0.013150744669330037,0.0025348389879202063,0.00468521831639299,0.6460587326120556,0.8524179594070309,0.0430771933222107,7.900976456283161e-06,0.0012340717199894459,0.1666674365291886,0.002439339770276287,0.021683838524943995,0.35118656367558954
L08_VALID,0.8,True,action_03_hold,z3_disturbance,5.188000000000002,0.004614386702796764,-0.003937557782335715,0.0006768289204610494,0.00013046047040498248,0.0024799112983337054,0.5610510046367851,0.07914327807409342,0.02283362522956315,7.5140282250875965e-06,0.001203473210714152,0.4502461659621563,7.498388614228235e-05,0.003801753798872335,0.20429709782077862
L08_VALID,0.8,True,action_04_east,nominal_total,6.192,0.024780192993042863,-0.00951316580130145,0.015267027191741413,0.0024656051666249053,0.009606795142759266,0.6214470284237726,0.445189031593466,0.06275948779000776,3.037406606811257e-05,0.0022148075372412754,0.22992532245947095,0.0006734163315388009,0.010428608128440552,0.0683754223381989
L08_VALID,0.8,True,action_04_east,position_feedback,6.192,0.007582903332076967,-0.0063891198961160125,0.0011937834359609543,0.0001927944825518337,0.0029434471739793033,0.5568475452196382,0.08544098563707785,0.031075736105890935,2.985073458684651e-05,0.0021956445679879883,0.4897749144433424,3.3461296707833545e-05,0.0023246410877091595,0.014193758007207078
L08_VALID,0.8,True,action_04_east,velocity_error_combined,6.192,0.02219862128327803,-0.008125377870863197,0.014073243412414834,0.0022728106286199665,0.008262615071248322,0.6007751937984496,0.46409589120744016,0.0554898364566215,2.737545142983138e-07,0.000210264120503653,0.00422664354315606,0.0008296667973385837,0.011575409964629956,0.15082833010784613
L08_VALID,0.8,True,action_04_east,velocity_reference,6.192,0.1728430013226899,-0.15915633355954187,0.01368666776314803,0.002210379160715121,0.07179867292369296,0.4599483204134367,0.04122498548981438,0.6132880826908027,0.014336938767758533,0.04811857321052133,0.5820133601093418,0.00028874298022619035,0.0068287347476369085,0.005786921805196713
L08_VALID,0.8,True,action_04_east,velocity_state_feedback,6.192,0.16971747937891624,-0.16933090284466742,0.00038657653424881144,6.243161082829642e-05,0.07047293327008711,0.541343669250646,0.001140181031726279,0.6197416861825562,0.014322546012606558,0.04809441419182219,0.5869178960366569,0.0011677634818251686,0.013732890940236005,0.023938287131412057
L08_VALID,0.8,True,action_04_east,velocity_tracking_actual,6.192,0.019200216168487504,-0.02943924000594715,-0.010239023837459647,-0.0016535891210367646,0.012821273882908702,0.4354005167958656,-0.21050860027586762,0.08038955302343433,6.357386044982921e-06,0.0010132668121416398,0.028522510961540015,0.005259583070686408,0.02914474001580543,0.32680141645849925
L08_VALID,0.8,True,action_04_east,velocity_observer_estimation,6.192,0.028585141062247535,-0.0042728751812962686,0.024312265880951266,0.003926399528577401,0.008948688375352535,0.7984496124031008,0.7399188587877191,0.05713795023384566,5.2333904784209094e-06,0.0009193398722880296,0.041023851170497554,0.004536972216025195,0.027068711664334152,0.4754879996925723
L08_VALID,0.8,True,action_04_east,z3_disturbance,6.192,0.00787833188228251,-0.007116839038487568,0.0007614928437949418,0.00012298011043199964,0.003001951346486363,0.5,0.05078253844643975,0.03559676548121319,3.347303223809903e-05,0.0023250487004880813,0.5753052365916456,0.00010158257599505434,0.00405036477117346,0.06479532801807569
L08_VALID,0.8,True,action_05_hold,nominal_total,5.180000000000007,0.00632107584414189,-0.008598106945476556,-0.002277031101334666,-0.0004395812936939504,0.004366705322592904,0.48919753086419754,-0.15262438522565352,0.052518316775872056,8.399226573297974e-06,0.0012733704533432065,0.11201297892683279,0.0015122371894742352,0.017086183932220854,0.09527948780770508
L08_VALID,0.8,True,action_05_hold,position_feedback,5.180000000000007,0.003934876795479792,-0.005882001155667264,-0.0019471243601874725,-0.0003758927336269247,0.0025259861948877626,0.49382716049382713,-0.19834456228112324,0.028613994157864975,3.705966287436246e-06,0.0008458353901481503,0.20733709216853283,0.00017538172498644195,0.0058187177166544556,0.08035555131617185
L08_VALID,0.8,True,action_05_hold,velocity_error_combined,5.180000000000007,0.006024844682544433,-0.006354751417969994,-0.0003299067354255612,-6.368855896246346e-05,0.003556543630104584,0.5802469135802469,-0.02664923255548314,0.04367943003894736,1.0025621109518252e-06,0.0004399372785569082,0.03233998789208485,0.000781343690394141,0.012281634674144113,0.06594467371837173
L08_VALID,0.8,True,action_05_hold,velocity_reference,5.180000000000007,0.0,0.0,0.0,0.0,0.0,0.0,nan,0.0,0.0,0.0,nan,0.0,0.0,nan
L08_VALID,0.8,True,action_05_hold,velocity_state_feedback,5.180000000000007,0.006024844682544433,-0.006354751417969994,-0.0003299067354255612,-6.368855896246346e-05,0.003556543630104584,0.5802469135802469,-0.02664923255548314,0.04367943003894736,1.0025621109518252e-06,0.0004399372785569082,0.03233998789208485,0.000781343690394141,0.012281634674144113,0.06594467371837173
L08_VALID,0.8,True,action_05_hold,velocity_tracking_actual,5.180000000000007,0.003945710412492253,-0.023157271626965015,-0.01921156121447276,-0.0037087956012495627,0.007888051467286961,0.3410493827160494,-0.7088356988357974,0.07590848326637101,4.3848850957020666e-05,0.002909472313372645,0.23960108980297148,0.003589159104628265,0.026322763115530706,0.14768594487127623
L08_VALID,0.8,True,action_05_hold,velocity_observer_estimation,5.180000000000007,0.019970633155852714,-0.0010889833874292655,0.01888164976842345,0.0036451061329002754,0.006509178218226508,0.7623456790123457,0.8965808911865825,0.058457446366142245,3.1624261164573766e-05,0.002470843929286243,0.2834060507021886,0.005117617933922549,0.031431785347015795,0.3996842792823037
L08_VALID,0.8,True,action_05_hold,z3_disturbance,5.180000000000007,0.005828726072292748,-0.00407260179324476,0.0017561242790479882,0.0003390201310903448,0.0029556732047340698,0.5509259259259259,0.17736250156510242,0.03087571898484,1.1105840360305617e-05,0.0014642351674309774,0.3679135673672634,0.0004554979451112988,0.009377311247777924,0.18805961618307604
L08_VALID,0.8,True,action_06_south,nominal_total,6.1839999999999975,0.03065447969749049,-0.008663690153065565,0.021990789544424925,0.0035560785162394785,0.011998638734264926,0.6912144702842378,0.5593034881330806,0.06958731491556143,1.535388766798997e-05,0.0015757032798090402,0.09907864679597124,0.0019692648348909156,0.017845031645058785,0.22951459578073957
L08_VALID,0.8,True,action_06_south,position_feedback,6.1839999999999975,0.009861756350575897,-0.009415675605919435,0.00044608074465646297,7.213466116695717e-05,0.005029514508480874,0.582687338501292,0.023140050275532714,0.03116979566525309,5.310151394341935e-05,0.002930344707927717,0.3978873477845165,5.229877899752245e-05,0.0029081113698710874,0.034756002863294715
L08_VALID,0.8,True,action_06_south,velocity_error_combined,6.1839999999999975,0.028731256108061723,-0.007186546590353837,0.021544709517707886,0.0034839439711688057,0.010037134646439638,0.6214470284237726,0.5998337286556309,0.06145931283937562,1.1361621328455876e-05,0.0013554559703381026,0.07919717987980651,0.001912932309626279,0.017587943458921253,0.21709026393054354
L08_VALID,0.8,True,action_06_south,velocity_reference,6.1839999999999975,0.20278064147219999,-0.1891760558315146,0.013604585640685396,0.0021999653364627105,0.08273509586074411,0.4509043927648579,0.034709409825809515,0.6137509481978883,0.022797616323364172,0.060716954506795186,0.5750640073100899,0.0002673135375234707,0.006574696899091311,0.00540459382446194
L08_VALID,0.8,True,action_06_south,velocity_state_feedback,6.1839999999999975,0.20197297911951323,-0.19403285724227315,0.00794012187724008,0.001283978311326016,0.08146900058980054,0.5439276485788114,0.0200505173110279,0.6193870022167206,0.02381434588306883,0.06205611569116118,0.5646959142087333,0.002780667268403606,0.02120507300205721,0.03642681229188978
L08_VALID,0.8,True,action_06_south,velocity_tracking_actual,6.1839999999999975,0.022060253444355096,-0.03382558223361842,-0.011765328789263327,-0.0019025434652754417,0.013309381664930408,0.35400516795865633,-0.2105243421080386,0.08521160729651192,5.904073402702874e-06,0.000977104770559041,0.013674078525909251,0.007004169480918538,0.033654534094090804,0.22191168303686604
L08_VALID,0.8,True,action_06_south,velocity_observer_estimation,6.1839999999999975,0.03627925767090367,-0.0029692208346552996,0.03331003683624837,0.005386487198617138,0.009094154122307343,0.7868217054263565,0.8486962579079466,0.06181704925469091,3.170437150455027e-06,0.0007160194731346298,0.013058696662605894,0.008236200226985742,0.03649460837339645,0.3631913727615111
L08_VALID,0.8,True,action_06_south,z3_disturbance,6.1839999999999975,0.012386750536825274,-0.010244640850327412,0.0021421096864978617,0.0003463954861736518,0.004658693054814515,0.4909560723514212,0.0946521426744397,0.03593846575292095,5.9650889045992424e-05,0.003105801675916887,0.5532770443105219,0.00023577928890391057,0.006174731623708341,0.27057335756476175
L08_VALID,0.8,True,action_07_hold,nominal_total,5.188000000000002,0.003728055404576028,-0.00807686303409177,-0.004348807629515741,-0.0008382435677555395,0.004313002973197886,0.4884437596302003,-0.3683894685177097,0.03856678554289192,1.8342906290465698e-07,0.00018803300643297234,0.009173045292032058,0.0016837169665734493,0.018015012193603106,0.2080216165372885
L08_VALID,0.8,True,action_07_hold,position_feedback,5.188000000000002,0.0035459952291703335,-0.005166708562984139,-0.0016207133338138058,-0.00031239655624784216,0.0027878426128218944,0.4622496147919877,-0.18601726541802205,0.024056465879085203,4.062980531655203e-06,0.0008849574444132099,0.40164421398303674,0.0001584070253047368,0.005525699146809551,0.17318769744636678
L08_VALID,0.8,True,action_07_hold,velocity_error_combined,5.188000000000002,0.0027796337066688477,-0.005507728004925839,-0.0027280942982569915,-0.0005258470120001908,0.0028572760297624175,0.4067796610169492,-0.3291873087233743,0.034240126133831,5.013229938988433e-06,0.0009830120206814597,0.2104709907262756,0.0012571343017436208,0.015566495648228306,0.20933994796694266
L08_VALID,0.8,True,action_07_hold,velocity_reference,5.188000000000002,0.0,0.0,0.0,0.0,0.0,0.0,nan,0.0,0.0,0.0,nan,0.0,0.0,nan
L08_VALID,0.8,True,action_07_hold,velocity_state_feedback,5.188000000000002,0.0027796337066688477,-0.005507728004925839,-0.0027280942982569915,-0.0005258470120001908,0.0028572760297624175,0.4067796610169492,-0.3291873087233743,0.034240163137216915,5.013229938988433e-06,0.0009830120206814597,0.2104709907262756,0.0012571329908937616,0.015566487532411275,0.20933985243938008
L08_VALID,0.8,True,action_07_hold,velocity_tracking_actual,5.188000000000002,0.001199275075582911,-0.019903448917995302,-0.01870417384241239,-0.003605276376717884,0.007717127724784046,0.26348228043143296,-0.8863393108920097,0.060915637045078914,8.017253568429567e-06,0.0012431193485780401,0.11159527640020596,0.004340935523231563,0.02892621993181061,0.4140263650386471
L08_VALID,0.8,True,action_07_hold,velocity_observer_estimation,5.188000000000002,0.01668264882041019,-0.0007065733674383686,0.01597607545297182,0.0030794285761318063,0.006168256189247855,0.7996918335901386,0.9187343332777567,0.04619852134989286,5.30696785233595e-07,0.0003198329801076376,0.010990761334766895,0.0016535848898694117,0.01785308463673806,0.38787586353130826
L08_VALID,0.8,True,action_07_hold,z3_disturbance,5.188000000000002,0.0028059124159572147,-0.001373278828184652,0.0014326335877725626,0.0002761437139114422,0.0012382961180797823,0.6209553158705701,0.3428016341153902,0.01676717165563803,1.5508114709017641e-06,0.0005467383259043361,0.2742302414194895,0.00023003882404792046,0.006658870757306644,0.25263984311951043
L08_VALID,0.8,True,action_08_west,nominal_total,6.188000000000002,0.03537683414478657,-0.015051656116589549,0.02032517802819702,0.003284611833903848,0.014550493424189907,0.6085271317829457,0.4030495048106637,0.07770013127799107,1.4551660622831714e-05,0.0015334906283524994,0.06400624800195442,0.001101128363179249,0.013339631181121895,0.07403099511835093
L08_VALID,0.8,True,action_08_west,position_feedback,6.188000000000002,0.010510203668578775,-0.011176933510430555,-0.0006667298418517806,-0.00010774561115898195,0.005687458444608759,0.5710594315245479,-0.03074310068445082,0.03368059412531357,5.663853789293035e-05,0.003025386497688515,0.37989180068043793,9.602493247667378e-05,0.003939280014473394,0.04198519799766339
L08_VALID,0.8,True,action_08_west,velocity_error_combined,6.188000000000002,0.033814461964131584,-0.012822552368954205,0.02099190959517738,0.003392357723848961,0.012397516952936621,0.5478036175710594,0.4501126389706523,0.06761756004621339,1.3785741044697728e-05,0.0014925878623849483,0.0691987656919604,0.001480802610449723,0.015469398710123384,0.11838404520753515
L08_VALID,0.8,True,action_08_west,velocity_reference,6.188000000000002,0.22078715331107374,-0.20292794062616282,0.01785921268491092,0.0028861041830819186,0.08940366701157851,0.45219638242894056,0.04214910665315204,0.6128953312117723,0.02610417495104968,0.06495010136705288,0.5869590571223233,0.0003012346433438261,0.006977137882331153,0.006078963077620209
L08_VALID,0.8,True,action_08_west,velocity_state_feedback,6.188000000000002,0.21884625538578248,-0.21571355860936448,0.0031326967764180036,0.0005062535191367166,0.08853619017667456,0.5478036175710594,0.007208896624879788,0.6188938653071195,0.027303346319720735,0.06642518710197295,0.5745351168413259,0.0020574388527444423,0.018234267256535083,0.027092746707974846
L08_VALID,0.8,True,action_08_west,velocity_tracking_actual,6.188000000000002,0.028710725806705396,-0.04393291839864116,-0.015222192591935767,-0.0024599535539650552,0.01741555239145417,0.3281653746770026,-0.20954610356421818,0.0968071832120289,1.2898585201854453e-05,0.0014437629272447635,0.020718869705390622,0.009635079055381893,0.03945958275091355,0.2432007112975733
L08_VALID,0.8,True,action_08_west,velocity_observer_estimation,6.188000000000002,0.040167664626844235,-0.0039535629973745795,0.036214101629469655,0.005852311187697098,0.010858967767051633,0.8126614987080103,0.8207863556722792,0.06628416606538141,1.7412071362008798e-06,0.0005304568557309796,0.005370024084253132,0.008868653543964048,0.03785765352186595,0.32726469094485905
L08_VALID,0.8,True,action_08_west,z3_disturbance,6.188000000000002,0.013476616900879881,-0.011643023950731728,0.001833592950148153,0.000296314309978693,0.005474134054317481,0.5180878552971576,0.07299439354964005,0.04203880082495838,7.095938388793957e-05,0.003386333800383225,0.5598147633260978,0.0002325176420597653,0.006129891712571136,0.11294314742150355
L08_VALID,0.8,True,action_09_hold,nominal_total,10.159999999999997,0.004619223970171336,-0.015325639525121745,-0.010706415554950409,-0.0010537810585581114,0.005682055610357196,0.4675632911392405,-0.53680064330734,0.045753079360211384,1.8873926569993834e-06,0.00043100695330719664,0.04427525075983449,0.000233648322730464,0.004795506454850233,0.011581182389459937
L08_VALID,0.8,True,action_09_hold,position_feedback,10.159999999999997,0.00529197542401391,-0.009065619928724072,-0.003773644504710162,-0.00037142170321950425,0.002924592383237733,0.5134493670886076,-0.2628326270520315,0.028945291998621545,6.30658661022921e-06,0.0007878623157416957,0.39657564389453387,2.339811444721211e-05,0.0015175519827653,0.005091686182720441
L08_VALID,0.8,True,action_09_hold,velocity_error_combined,10.159999999999997,0.004917503175551244,-0.0118502738838129,-0.0069327707082616555,-0.000682359321679297,0.0038829443394862045,0.41218354430379744,-0.4134579487619068,0.039645082069452796,4.684211505587714e-06,0.0006790025327834573,0.16393126377853984,0.00016226446947477052,0.0039963623897087954,0.010476930893215485
L08_VALID,0.8,True,action_09_hold,velocity_reference,10.159999999999997,0.0,0.0,0.0,0.0,0.0,0.0,nan,0.0,0.0,0.0,nan,0.0,0.0,nan
L08_VALID,0.8,True,action_09_hold,velocity_state_feedback,10.159999999999997,0.004917503175551244,-0.0118502738838129,-0.0069327707082616555,-0.000682359321679297,0.0038829443394862045,0.41218354430379744,-0.4134579487619068,0.039645137992518474,4.684211505587714e-06,0.0006790025327834573,0.16393126377853984,0.00016226441928541866,0.003996361771659587,0.010476926846930195
L08_VALID,0.8,True,action_09_hold,velocity_tracking_actual,10.159999999999997,0.004259375715468128,-0.02616087759392521,-0.02190150187845708,-0.0021556596337064062,0.006649209657695262,0.28322784810126583,-0.7199644807590807,0.06846833325755736,1.3238519094087695e-05,0.0011414919394561126,0.17739377315497978,0.0021477309907169187,0.014539286280385427,0.060056744325825966
L08_VALID,0.8,True,action_09_hold,velocity_observer_estimation,10.159999999999997,0.016674470900429707,-0.0017047231369618579,0.014969747763467848,0.0014734003704200643,0.003635996176403575,0.75,0.814494244579639,0.04300825657498043,2.349354186133936e-06,0.0004808696790623518,0.10115407347414247,0.0016355209162726566,0.012687650221261325,0.13525109354117537
L08_VALID,0.8,True,action_09_hold,z3_disturbance,10.159999999999997,0.0030049201333970377,-0.0031651129035781163,-0.0001601927701810786,-1.5767004939082546e-05,0.0008899264451504255,0.504746835443038,-0.02596303281053626,0.020587891194089474,3.17737903228268e-07,0.00017684291241684986,0.05633255651023264,5.100774905359562e-05,0.0022406355664176254,0.012910524515815779
L08_VERTICAL_INVALID,0.8,False,action_01_hold,nominal_total,5.1839999999999975,0.0007932740305636793,-0.0004896001533937229,0.0003036738771699563,5.85790658121058e-05,0.00030583359188682236,0.5088566827697263,0.23671368632049722,0.03431862098344784,3.505913911782366e-08,8.223716446179299e-05,0.09679545539304342,0.00010362888676916228,0.0044710334593546334,0.037600711452329745
L08_VERTICAL_INVALID,0.8,False,action_01_hold,position_feedback,5.1839999999999975,0.00034057849701912314,-0.0003841736093689006,-4.3595112349777436e-05,-8.40955099339843e-06,0.00017841030180246433,0.5475040257648953,-0.06015175667035195,0.019106635369868584,2.6925872293302404e-08,7.206964692015413e-05,0.18878887996918226,1.1279655994142487e-05,0.0014750795120166622,0.020566140991881216
L08_VERTICAL_INVALID,0.8,False,action_01_hold,velocity_error_combined,5.1839999999999975,0.0007421714998154128,-0.00039490250848257303,0.0003472689913328398,6.698861715525462e-05,0.00029091969898501554,0.47665056360708535,0.3054057948722659,0.028638641794507376,6.87510440875625e-09,3.641725042108893e-05,0.030969505242626212,6.077649791341056e-05,0.003424012482484603,0.0462175760543622
L08_VERTICAL_INVALID,0.8,False,action_01_hold,velocity_reference,5.1839999999999975,0.0,0.0,0.0,0.0,0.0,0.0,nan,0.0,0.0,0.0,nan,0.0,0.0,nan
L08_VERTICAL_INVALID,0.8,False,action_01_hold,velocity_state_feedback,5.1839999999999975,0.0007421714998154128,-0.00039490250848257303,0.0003472689913328398,6.698861715525462e-05,0.00029091969898501554,0.47665056360708535,0.3054057948722659,0.028638379358997205,6.87510440875625e-09,3.641725042108893e-05,0.030969505242626212,6.077402112372988e-05,0.003423942713367618,0.04621460173153546
L08_VERTICAL_INVALID,0.8,False,action_01_hold,velocity_tracking_actual,5.1839999999999975,0.001164244262794317,-0.0009284738489296035,0.0002357704138647135,4.5480403909088276e-05,0.0005149224369664141,0.5877616747181964,0.11266228955723649,0.05205356974471356,1.570411071897388e-07,0.0001740500601976648,0.13641314764650597,3.7727078085827273e-05,0.002697702715162606,0.015729135360641727
L08_VERTICAL_INVALID,0.8,False,action_01_hold,velocity_observer_estimation,5.1839999999999975,0.0006844472288894793,-0.0005728636608929928,0.00011158356799648649,2.152460802401361e-05,0.00032128169783865836,0.40418679549114334,0.08874779412416574,0.034923876044894615,1.498074282200941e-07,0.0001699942288758604,0.2201694343442217,8.790047590084672e-05,0.004117779780461722,0.051095963960043476
L08_VERTICAL_INVALID,0.8,False,action_01_hold,z3_disturbance,5.1839999999999975,0.00031113326403101364,-0.0003317877631948248,-2.0654499163811138e-05,-3.9842783880808545e-06,0.0001582391892985692,0.5362318840579711,-0.0321260283754195,0.017808366250217995,2.49313023510355e-08,6.934896540612822e-05,0.19797393306515304,1.695519238478332e-05,0.0018085014634666406,0.02889894290494229
L08_VERTICAL_INVALID,0.8,False,action_02_north,nominal_total,6.059999999999995,0.028677747266030482,-0.013885176008734606,0.014792571257295876,0.0024410183592897504,0.012087610070561892,0.5481171548117155,0.34754594184714205,0.0710049894633399,6.922861934390767e-05,0.0033799207946640696,0.28965830755538163,0.0006409704354672586,0.010284488267385497,0.06735211686812986
L08_VERTICAL_INVALID,0.8,False,action_02_north,position_feedback,6.059999999999995,0.009917457454923308,-0.01190319723821906,-0.0019857397832957514,-0.00032767983222702193,0.004683342395689248,0.5090655509065551,-0.09100275913901955,0.03767448106080826,4.668922024772082e-05,0.002775696631487841,0.45229860036125225,8.413694493852894e-05,0.0037261218865314396,0.03362782703724919
L08_VERTICAL_INVALID,0.8,False,action_02_north,velocity_error_combined,6.059999999999995,0.02621743585794679,-0.009439122011168378,0.016778313846778414,0.002768698654583899,0.011553383746376919,0.6192468619246861,0.47055338062542984,0.06438607817787542,3.114504648704653e-06,0.0007168993384725769,0.022757173014497718,0.0010477849819269293,0.013149213368075043,0.15568045441355027
L08_VERTICAL_INVALID,0.8,False,action_02_north,velocity_reference,6.059999999999995,0.20332605161974798,-0.18771952583514218,0.015606525784605807,0.002575334287888749,0.0849477957374314,0.4839609483960948,0.03990973606243157,0.619001795667061,0.02173134308199126,0.059883471939673937,0.5596938648607966,0.0001770661620290903,0.005405445274781883,0.004344944700519786
L08_VERTICAL_INVALID,0.8,False,action_02_north,velocity_state_feedback,6.059999999999995,0.19373711869405816,-0.19256532912611155,0.0011717895679466128,0.00019336461517270855,0.08043820921969977,0.49511854951185497,0.0030333475093383324,0.6171228125595233,0.021307147166058894,0.05929612875633847,0.5595622742038799,0.0012684600938501999,0.014467786533191597,0.0225127402270564
L08_VERTICAL_INVALID,0.8,False,action_02_north,velocity_tracking_actual,6.059999999999995,0.03653180017271022,-0.04580310950000048,-0.009271309327290263,-0.0015299190309059853,0.02273768733198038,0.3584379358437936,-0.11260483996575234,0.11875612087215108,3.352278331820009e-05,0.002351980533241271,0.05758111426561924,0.007258749148362846,0.034609440775877215,0.3227846773403653
L08_VERTICAL_INVALID,0.8,False,action_02_north,velocity_observer_estimation,6.059999999999995,0.042073926419610844,-0.016003444667754215,0.02607048175185663,0.00430205969502585,0.01525663228346253,0.7642956764295676,0.44889224948972173,0.08887996194986827,1.7069606481541405e-05,0.0016783225989448355,0.060613670734370566,0.007058752903081695,0.03412932331704642,0.3581158957973561
L08_VERTICAL_INVALID,0.8,False,action_02_north,z3_disturbance,6.059999999999995,0.011923579580045042,-0.01089970456608353,0.0010238750139615112,0.00016895627293094258,0.005205512464605385,0.5439330543933054,0.04486098527302379,0.04315360173358616,4.424886057113801e-05,0.0027021828534455478,0.5431556784516032,0.00016992951813621238,0.005295391827800476,0.1043488159163995
L08_VERTICAL_INVALID,0.8,False,action_03_hold,nominal_total,5.18,0.004509413364026807,-0.010223496162634543,-0.005714082798607736,-0.001103104787376011,0.006902298765494514,0.5618729096989966,-0.38784483053176083,0.06156653652250493,2.799637322840271e-06,0.0007351670052748831,0.18707636448030024,0.00015424222700188102,0.005456784007014098,0.031275142905698466
L08_VERTICAL_INVALID,0.8,False,action_03_hold,position_feedback,5.18,0.003211238015819618,-0.0034220163117136037,-0.00021077829589398554,-4.069079071312462e-05,0.0016103489346014548,0.479933110367893,-0.031776000962165714,0.02574929384519032,5.216024289422126e-06,0.001003471223318057,0.6744142581360364,1.929314120115463e-05,0.001929907933925226,0.1249096150838957
L08_VERTICAL_INVALID,0.8,False,action_03_hold,velocity_error_combined,5.18,0.0030074440709576826,-0.008510748642858742,-0.00550330457190106,-0.0010624140100195098,0.006115996500734266,0.4682274247491639,-0.4777923680074981,0.05463843979889403,4.220101913284091e-07,0.00028542801002196384,0.039137254546782324,0.0001134830429790633,0.004680590064834938,0.02601889596810292
L08_VERTICAL_INVALID,0.8,False,action_03_hold,velocity_reference,5.18,0.0,0.0,0.0,0.0,0.0,0.0,nan,0.0,0.0,0.0,nan,0.0,0.0,nan
L08_VERTICAL_INVALID,0.8,False,action_03_hold,velocity_state_feedback,5.18,0.0030074440709576826,-0.008510748642858742,-0.00550330457190106,-0.0010624140100195098,0.006115996500734266,0.4682274247491639,-0.4777923680074981,0.05463835783976798,4.220101913284091e-07,0.00028542801002196384,0.039137254546782324,0.00011348278952156796,0.0046805848379249705,0.026018765499109055
L08_VERTICAL_INVALID,0.8,False,action_03_hold,velocity_tracking_actual,5.18,0.002925974090681082,-0.020992259629331215,-0.018066285538650133,-0.0034876999109363194,0.011381659753551729,0.23411371237458195,-0.7553352705778662,0.08334701649243222,7.499024336907765e-06,0.0012031991090123613,0.18578744272965064,0.0013696762955520943,0.016260881688045244,0.19068957890069088
L08_VERTICAL_INVALID,0.8,False,action_03_hold,velocity_observer_estimation,5.18,0.013876170680963633,-0.0013126831909332551,0.012563487490030377,0.0024253836853340496,0.00583843262041742,0.7391304347826086,0.8271517782705063,0.04552746371734989,1.1103985036490191e-05,0.0014641128559373033,0.3847742169033899,0.0015293162147135744,0.017182397693140675,0.5767049044877393
L08_VERTICAL_INVALID,0.8,False,action_03_hold,z3_disturbance,5.18,0.004070937109773694,-0.0024768353892413823,0.0015941017205323114,0.0003077416448904076,0.0017779350706138904,0.6070234113712375,0.24345710251419062,0.022819228207424196,6.281497868997657e-06,0.0011012013332058648,0.5523967183337576,4.6018864781902865e-05,0.0029805957005432787,0.13962017748005143
L08_VERTICAL_INVALID,0.8,False,action_04_east,nominal_total,6.216000000000001,0.025671825017665042,-0.006288699200718839,0.019383125816946203,0.0031182634840647037,0.009489792125310486,0.6023316062176166,0.606470835224815,0.06009520818797503,1.5272655521161795e-05,0.001567479159018651,0.13948905111790344,0.00032047959164052594,0.0071803346622824945,0.027632556606895665
L08_VERTICAL_INVALID,0.8,False,action_04_east,position_feedback,6.216000000000001,0.005736618263670586,-0.006369557857954531,-0.0006329395942839449,-0.00010182425905468866,0.0025750277262915995,0.4585492227979275,-0.05228237123969579,0.02973117394769902,1.6322622530476344e-05,0.0016204642931872664,0.5273316693971918,0.00014460189454062157,0.004823157995242903,0.06160979108724161
L08_VERTICAL_INVALID,0.8,False,action_04_east,velocity_error_combined,6.216000000000001,0.02489457432022759,-0.004878509529817162,0.020016064790410428,0.0032200876432449204,0.009164754883911441,0.5660621761658031,0.6722872541931978,0.05542721527638495,2.665700517897091e-07,0.00020708573095742114,0.0032336890786776105,0.0005532028245380819,0.009433800580580305,0.07411805981325992
L08_VERTICAL_INVALID,0.8,False,action_04_east,velocity_reference,6.216000000000001,0.1970708085499937,-0.1749219199014443,0.022148888648549414,0.0035632060245414108,0.07974790090728835,0.4378238341968912,0.0595411871107068,0.6133334317209378,0.020421611237628933,0.05731779822344493,0.6083158188488994,0.0002837575272512998,0.0067564441717585955,0.005641491752899087
L08_VERTICAL_INVALID,0.8,False,action_04_east,velocity_state_feedback,6.216000000000001,0.18973032578997856,-0.19186315009306415,-0.00213282430308559,-0.00034311845287734706,0.07891363492599769,0.5595854922279793,-0.005589257777927247,0.614160585735401,0.020467928129500847,0.057382760744100474,0.6082091401481159,0.0008209909856862438,0.011492478274912307,0.01596084940144153
L08_VERTICAL_INVALID,0.8,False,action_04_east,velocity_tracking_actual,6.216000000000001,0.02124728781750046,-0.028202491083932836,-0.006955203266432376,-0.0011189194444067528,0.012185404771026666,0.39248704663212436,-0.14065185772207325,0.09277166738843065,1.3049384107712327e-05,0.0014489036433282883,0.05625448252457699,0.008020517067943149,0.035920773566382555,0.30796229462010355
L08_VERTICAL_INVALID,0.8,False,action_04_east,velocity_observer_estimation,6.216000000000001,0.031599514188877985,-0.004628224936775633,0.026971289252102352,0.004339010497442462,0.009265618566868548,0.7707253886010362,0.7444927534272603,0.07056039311494113,1.3616402302175619e-05,0.00148004760426934,0.07941220032858784,0.0062593424690379415,0.03173283357469366,0.37780298503939397
L08_VERTICAL_INVALID,0.8,False,action_04_east,z3_disturbance,6.216000000000001,0.009708684215569516,-0.00949092281885533,0.00021776139671418615,3.503239972879442e-05,0.003933486125579943,0.4378238341968912,0.011341971547841606,0.038715964000452664,3.606283213090638e-05,0.00240865396449417,0.6533422907314318,0.00027253811147722156,0.006621526450034806,0.12161699950483357
L08_VERTICAL_INVALID,0.8,False,action_05_hold,nominal_total,5.171999999999997,0.0052617864361163775,-0.007158832816385174,-0.0018970463802687968,-0.0003667916435167823,0.004396303422902881,0.5495356037151703,-0.1527336392576985,0.04580524464937865,1.4494811568902067e-05,0.0016740831643050718,0.2577000533603966,0.001062016720068323,0.01432967758602126,0.13221880797473648
L08_VERTICAL_INVALID,0.8,False,action_05_hold,position_feedback,5.171999999999997,0.0036962040516518692,-0.004613654462174051,-0.0009174504105221816,-0.00017738793706925408,0.0020776103148074225,0.48297213622291024,-0.11040505791954582,0.030039155555443522,1.2811590279193663e-05,0.0015738823407190376,0.4297679366996408,0.00013504924138276332,0.00510995194981146,0.11792665172019695
L08_VERTICAL_INVALID,0.8,False,action_05_hold,velocity_error_combined,5.171999999999997,0.004953944644344125,-0.005933540620055205,-0.0009795959757110803,-0.00018940370760075036,0.003509170085872305,0.5588235294117647,-0.08997449382680062,0.037074510154183005,3.8203685696453206e-07,0.00027178367927932815,0.02655077161793152,0.0004945284522530919,0.009778368136910073,0.10015236744900156
L08_VERTICAL_INVALID,0.8,False,action_05_hold,velocity_reference,5.171999999999997,0.0,0.0,0.0,0.0,0.0,0.0,nan,0.0,0.0,0.0,nan,0.0,0.0,nan
L08_VERTICAL_INVALID,0.8,False,action_05_hold,velocity_state_feedback,5.171999999999997,0.004953944644344125,-0.005933540620055205,-0.0009795959757110803,-0.00018940370760075036,0.003509170085872305,0.5588235294117647,-0.08997449382680062,0.037074510154183005,3.8203685696453206e-07,0.00027178367927932815,0.02655077161793152,0.0004945284522530919,0.009778368136910073,0.10015236744900156
L08_VERTICAL_INVALID,0.8,False,action_05_hold,velocity_tracking_actual,5.171999999999997,0.002423967385489857,-0.022024139612054502,-0.019600172226564645,-0.003789669804053491,0.008619960860715507,0.3746130030959752,-0.8017051065971424,0.06638347877460135,1.6023271896550372e-06,0.0005566040255962451,0.02860316521755915,0.0031608682261159635,0.02472144984399198,0.2835644102889794
L08_VERTICAL_INVALID,0.8,False,action_05_hold,velocity_observer_estimation,5.171999999999997,0.018930281535489157,-0.0003097058457761201,0.018620575689713037,0.0036002659879568926,0.006411829661830127,0.8513931888544891,0.967806024022896,0.04748772341998909,4.938904875583037e-07,0.0003090196332144109,0.013870207108590564,0.004527274497561671,0.029586197744494787,0.5314374643430386
L08_VERTICAL_INVALID,0.8,False,action_05_hold,z3_disturbance,5.171999999999997,0.005691174873129945,-0.0029253350452752348,0.0027658398278547105,0.0005347718151304547,0.0026932366911902625,0.7321981424148607,0.32099305334132744,0.024964908429370755,2.1354571491117834e-06,0.0006425636776807948,0.1739371655471461,0.0003524019328118176,0.008254483100892456,0.24411113419814995
L08_VERTICAL_INVALID,0.8,False,action_06_south,nominal_total,6.171999999999997,0.022127097943298146,-0.0072665669671350165,0.01486053097616313,0.0024077334698903332,0.008874607913391138,0.503242542153048,0.5055691769449424,0.06313042187512634,1.277038070635374e-06,0.00045487174782863683,0.015214853149193231,5.6259179009159897e-05,0.003019143366968695,0.0028932864902095814
L08_VERTICAL_INVALID,0.8,False,action_06_south,position_feedback,6.171999999999997,0.008613824522837082,-0.009025834354298606,-0.00041200983146152427,-6.675467133206812e-05,0.004593861128900686,0.51621271076524,-0.023357018088119973,0.032048002331106856,2.6870110306256884e-05,0.002086516223854285,0.3661155081995341,0.00015177640058647624,0.0049589435656704406,0.042434242868272555
L08_VERTICAL_INVALID,0.8,False,action_06_south,velocity_error_combined,6.171999999999997,0.022269704202710357,-0.0069971604423756835,0.015272543760334673,0.0024744886196264877,0.007842980855140909,0.5732814526588845,0.5218373729315402,0.056532402144373675,2.2397227523302623e-05,0.0019049525930087934,0.15919362019019664,0.0001926873473602388,0.005587449877845294,0.013072872953685016
L08_VERTICAL_INVALID,0.8,False,action_06_south,velocity_reference,6.171999999999997,0.2062101674978622,-0.1847347986187087,0.021475368879153495,0.00347948296810653,0.0831866025158415,0.45006485084306097,0.05493194884302469,0.6150561104549267,0.023131534276752578,0.06121942711359484,0.615920020197599,0.00023561512925370466,0.006178579344615538,0.0050141957826144124
L08_VERTICAL_INVALID,0.8,False,action_06_south,velocity_state_feedback,6.171999999999997,0.19847671008028547,-0.2046795362555421,-0.006202826175256637,-0.0010049945196462476,0.08410696263074868,0.5499351491569391,-0.01538566308132978,0.6267842337797076,0.024550304891288253,0.06306893338465004,0.6044517569658681,0.00043515069827929065,0.008396666104203003,0.006019047484159065
L08_VERTICAL_INVALID,0.8,False,action_06_south,velocity_tracking_actual,6.171999999999997,0.011968039335669577,-0.02781981148874345,-0.015851772153073873,-0.002568336382545995,0.00949444785400569,0.3955901426718547,-0.3984073485906292,0.0811562162161926,1.235924963167901e-05,0.001415086844104483,0.032069746989193536,0.008571715052341531,0.037266697146282377,0.1837985561859729
L08_VERTICAL_INVALID,0.8,False,action_06_south,velocity_observer_estimation,6.171999999999997,0.033847473306240675,-0.0027232362433645347,0.03112423706287614,0.005042812226648761,0.008304437112076674,0.7405966277561609,0.8510700898668272,0.06184947388007431,2.852047027263758e-06,0.0006797753035111917,0.014594199717238751,0.007689165421348507,0.03529609367895549,0.3348391176141234
L08_VERTICAL_INVALID,0.8,False,action_06_south,z3_disturbance,6.171999999999997,0.011277643315042947,-0.011104473362323907,0.00017316995271903987,2.805734813983149e-05,0.004654741223941867,0.45395590142671854,0.007736978374978808,0.03620369096035136,4.3939132015297254e-05,0.002668165584275034,0.5938416149423309,0.00036498663857822185,0.007689985561044333,0.11652234587156395
L08_VERTICAL_INVALID,0.8,False,action_07_hold,nominal_total,5.188000000000002,0.007264610511843791,-0.007430680582190688,-0.0001660700703468975,-3.201042219485301e-05,0.003792443623272161,0.6003086419753086,-0.011300903757824388,0.0533579408164141,1.421261394326111e-05,0.0016551486190925406,0.194241783304685,0.002329091218435508,0.021188161046906247,0.15199847948528114
L08_VERTICAL_INVALID,0.8,False,action_07_hold,position_feedback,5.188000000000002,0.002987226066376026,-0.0037949029849805842,-0.0008076769186045581,-0.0001556817499237775,0.001803821565861822,0.37808641975308643,-0.11908899292368975,0.026640433973502853,1.2418419736757628e-05,0.0015471527145436612,0.3718446999795287,0.00030828618571236124,0.00770862729636152,0.10500277300198847
L08_VERTICAL_INVALID,0.8,False,action_07_hold,velocity_error_combined,5.188000000000002,0.007384598267861303,-0.0067429913898522514,0.0006416068780090512,0.0001236713334635796,0.0034103025715354124,0.5123456790123457,0.04541516943470529,0.045127017521951085,1.606085065573853e-06,0.0005563963703056765,0.03949897332115323,0.0014154944577144113,0.016517872249348583,0.15347311008546227
L08_VERTICAL_INVALID,0.8,False,action_07_hold,velocity_reference,5.188000000000002,0.0,0.0,0.0,0.0,0.0,0.0,nan,0.0,0.0,0.0,nan,0.0,0.0,nan
L08_VERTICAL_INVALID,0.8,False,action_07_hold,velocity_state_feedback,5.188000000000002,0.007384598267861303,-0.0067429913898522514,0.0006416068780090512,0.0001236713334635796,0.0034103025715354124,0.5123456790123457,0.04541516943470529,0.045127017521951085,1.606085065573853e-06,0.0005563963703056765,0.03949897332115323,0.0014154944577144113,0.016517872249348583,0.15347311008546227
L08_VERTICAL_INVALID,0.8,False,action_07_hold,velocity_tracking_actual,5.188000000000002,0.0027209571007811334,-0.020252346107547822,-0.01753138900676669,-0.0033792191609033693,0.006516705948281921,0.3271604938271605,-0.7631200810691732,0.06324168280819209,2.928494909486468e-06,0.0007513153345799832,0.031311962204999884,0.007076544860099631,0.03693266513625853,0.3319388386771376
L08_VERTICAL_INVALID,0.8,False,action_07_hold,velocity_observer_estimation,5.188000000000002,0.018658174318081047,-0.00048518081716968455,0.018172993500911363,0.003502890034871117,0.005860663333684682,0.8533950617283951,0.9493107855188594,0.046151769646132955,7.341358701971301e-07,0.0003761735351740844,0.02113998818911923,0.004351248396096392,0.028960559932950027,0.38860842364150344
L08_VERTICAL_INVALID,0.8,False,action_07_hold,z3_disturbance,5.188000000000002,0.006441860336784895,-0.0035711313488282002,0.0028707289879566947,0.0005533402058513288,0.0030850453458793566,0.6219135802469136,0.28670042661489736,0.026912114796919472,7.965846661463664e-07,0.0003918465139154464,0.06683509215838454,0.0006012627899078796,0.010765449799639856,0.18577315857692045
L08_VERTICAL_INVALID,0.8,False,action_08_west,nominal_total,6.1839999999999975,0.031037427576957103,-0.013005212401045338,0.018032215175911765,0.002915946826635151,0.012888775577275809,0.5291828793774319,0.40942630107818573,0.07575889962582967,2.008348093496266e-05,0.0018021243454227134,0.12875548895699904,0.00017428060201494632,0.005308719578201966,0.014675692058070736
L08_VERTICAL_INVALID,0.8,False,action_08_west,position_feedback,6.1839999999999975,0.01027539526783955,-0.010610482780190045,-0.0003350875123504949,-5.418620833610851e-05,0.005087896830710424,0.5252918287937743,-0.01604373594348874,0.03725128821778433,4.994548669448886e-05,0.0028419300505877197,0.47591337464737066,0.00015418238645745745,0.004993242303623332,0.058442349487752975
L08_VERTICAL_INVALID,0.8,False,action_08_west,velocity_error_combined,6.1839999999999975,0.02846109846472228,-0.010093795705564904,0.018367302759157374,0.0029701330464355405,0.011386603089767822,0.682230869001297,0.47639354625209607,0.06556825282754124,6.85430982686269e-06,0.0010528030277362692,0.04645405767920411,0.00011461829561602215,0.0043051891058051754,0.010754326989445706
L08_VERTICAL_INVALID,0.8,False,action_08_west,velocity_reference,6.1839999999999975,0.18984433190635153,-0.17031360240298107,0.019530729503370453,0.0031582680309460644,0.07591722681026958,0.45525291828793774,0.054228236123200026,0.6131314143872055,0.01922397202208009,0.0557553854337335,0.6345885298061259,0.00028991322775914026,0.006846983402961497,0.00582712980058954
L08_VERTICAL_INVALID,0.8,False,action_08_west,velocity_state_feedback,6.1839999999999975,0.18488205751117495,-0.1860454859881428,-0.0011634284769678482,-0.00018813526471019547,0.07562280944089174,0.5330739299610895,-0.003136538381572055,0.6194186101847676,0.019945497120167976,0.056792069167601586,0.621070412605477,0.00024501327772651646,0.006294483068273732,0.0034872581533152277
L08_VERTICAL_INVALID,0.8,False,action_08_west,velocity_tracking_actual,6.1839999999999975,0.027309782195215924,-0.037450818424207485,-0.010141036228991561,-0.0016398829607036814,0.015620807565839202,0.30739299610894943,-0.15659268339074048,0.10146891871583008,2.093115070637545e-05,0.0018397627097881967,0.04770091927318828,0.00824707390948868,0.03651869107433583,0.1691875041971172
L08_VERTICAL_INVALID,0.8,False,action_08_west,velocity_observer_estimation,6.1839999999999975,0.03321031176397927,-0.004701991387483765,0.028508320376495505,0.004610012997492806,0.009425633090928708,0.8236057068741893,0.751954326346311,0.06734828545617837,3.830520516363966e-06,0.0007870351989129443,0.022749346955230055,0.007329401709952681,0.03442702715734742,0.31321194808105435
L08_VERTICAL_INVALID,0.8,False,action_08_west,z3_disturbance,6.1839999999999975,0.012797853589700009,-0.011917368480419105,0.0008804851092809041,0.00014238116256159514,0.005296420399462761,0.48638132295719844,0.035625215374674585,0.04235714935192621,6.379477557481473e-05,0.0032118689466521053,0.6334583020171048,0.00045856719508877755,0.008611260970725905,0.20223822641866862
L08_VERTICAL_INVALID,0.8,False,action_09_hold,nominal_total,10.183999999999997,0.006600908515232732,-0.014658632064381394,-0.008057723549148662,-0.0007912140170020291,0.005257581119806547,0.47877358490566035,-0.3790168239512781,0.04493649941022935,9.283678356547679e-07,0.00030192623220111147,0.04514490762509661,0.0002957772628784889,0.005389186305336836,0.017624023597366607
L08_VERTICAL_INVALID,0.8,False,action_09_hold,position_feedback,10.183999999999997,0.00463250089740801,-0.00688229997216694,-0.00224979907475893,-0.00022091507018449832,0.002339208902003746,0.5518867924528302,-0.19538323764707688,0.02313558227567231,3.325385170401123e-06,0.0005714283493533808,0.5266691139823841,3.9417574641772364e-05,0.0019673686834708742,0.012687854936965153
L08_VERTICAL_INVALID,0.8,False,action_09_hold,velocity_error_combined,10.183999999999997,0.005703115434784194,-0.011511039933374342,-0.005807924498590148,-0.0005702989491938482,0.003826638530587028,0.5235849056603774,-0.33739235962359293,0.038028972564223405,1.0855427282272833e-06,0.00032648577659082165,0.08292046631435068,0.00018697032688886136,0.004284766386390833,0.016591122493116017
L08_VERTICAL_INVALID,0.8,False,action_09_hold,velocity_reference,10.183999999999997,0.0,0.0,0.0,0.0,0.0,0.0,nan,0.0,0.0,0.0,nan,0.0,0.0,nan
L08_VERTICAL_INVALID,0.8,False,action_09_hold,velocity_state_feedback,10.183999999999997,0.005703115434784194,-0.011511039933374342,-0.005807924498590148,-0.0005702989491938482,0.003826638530587028,0.5235849056603774,-0.33739235962359293,0.038028872378817934,1.0855427282272833e-06,0.00032648577659082165,0.08292046631435068,0.00018697094926105174,0.004284773517782392,0.01659115565446366
L08_VERTICAL_INVALID,0.8,False,action_09_hold,velocity_tracking_actual,10.183999999999997,0.0026594881997037776,-0.02699535469424801,-0.02433586649454423,-0.00238961768406758,0.006941455958321767,0.3278301886792453,-0.8206371748982564,0.058615728205934026,1.081746491326129e-06,0.0003259144021037395,0.02339227413555392,0.0025247038908797117,0.015745121973310024,0.1033485574713078
L08_VERTICAL_INVALID,0.8,False,action_09_hold,velocity_observer_estimation,10.183999999999997,0.01935171789302776,-0.0008238339366078237,0.018527883956419938,0.0018193130357835765,0.004151583285375707,0.789308176100629,0.9183334420228642,0.03935519328973162,7.084851773044152e-07,0.000263758332761974,0.028123881731915757,0.0017559288356362361,0.013130892930012706,0.17699371408167347
L08_VERTICAL_INVALID,0.8,False,action_09_hold,z3_disturbance,10.183999999999997,0.0036415438371054697,-0.002699359994029691,0.0009421838430757785,9.25160882831676e-05,0.0011208678722943667,0.4473270440251572,0.14858825621190772,0.018942190174655066,4.4292709017299376e-07,0.00020854843076505597,0.14489393665789554,8.53020117096461e-05,0.002894146035620092,0.025380600412208954
