run,rope_length_m,quality_valid,segment,measured_velocity_blend,candidate,duration_s,positive_integral_j_kg,negative_integral_j_kg,net_integral_j_kg,net_mean_power_w_kg,power_rms_w_kg,positive_time_ratio,injection_bias,acceleration_rms_m_s2,power_band_energy_w2_s_kg2,power_band_rms_w_kg,power_band_fraction,acceleration_band_energy_m2_s3,acceleration_band_rms_m_s2,acceleration_band_fraction
L06_VALID,0.6,True,route,0.0,velocity_candidate,55.656,0.12736788522596898,-0.07257506248204063,0.054792822743928354,0.0009844908499340296,0.007033631350181161,0.4984885562113142,0.27404228742264053,0.05981970711017041,6.647889989603393e-05,0.0010929138178921943,0.10051287693175903,0.006276179662175847,0.010619197264829955,0.04677313124976872
L06_VALID,0.6,True,route,0.0,nominal_candidate,55.656,0.13532126771459185,-0.09300465294311061,0.04231661477148124,0.0007603243993725967,0.008427061554716713,0.48999568158917517,0.18533425661697298,0.06931244878640098,6.144520165180932e-05,0.0010507224019565245,0.07051191423479446,0.007134371881878523,0.011321966785896191,0.03928146989519422
L06_VALID,0.6,True,route,0.25,velocity_candidate,55.656,0.12190472988154179,-0.10485644773917652,0.01704828214236527,0.0003063152605714617,0.007792478502659627,0.4678278393551173,0.07518166169907751,0.06590681885402655,8.325878895589367e-05,0.0012230917861088364,0.09733480251980339,0.008611337057706914,0.012438823314859643,0.05367266983805865
L06_VALID,0.6,True,route,0.25,nominal_candidate,55.656,0.12697675313081122,-0.12240467896089309,0.0045720741699181305,8.214881001002822e-05,0.009111919561079453,0.4443644738736145,0.018333659132396252,0.07190914907538387,7.357769627246441e-05,0.0011497862157037475,0.07444955257033975,0.008778816852092135,0.012559200656548678,0.047373985617270735
L06_VALID,0.6,True,route,0.5,velocity_candidate,55.656,0.12009758092017492,-0.14079383937937276,-0.02069625845919784,-0.0003718603287911068,0.008876837591066545,0.43889448682884696,-0.07932901141568786,0.07481764124779762,0.00010691668119235994,0.0013860111992931023,0.09044001267243505,0.014524015241162378,0.01615427057570723,0.07042600755614746
L06_VALID,0.6,True,route,0.5,nominal_candidate,55.656,0.1247762831305354,-0.15794874956218033,-0.033172466431644926,-0.0005960267793525393,0.01009274803449382,0.39858931913055995,-0.11733119673099111,0.07762921577885405,9.258819406972602e-05,0.0012897983334937248,0.0747902314059627,0.014000782610230142,0.015860620032896244,0.06714147360977617
L06_VALID,0.6,True,route,0.75,velocity_candidate,55.656,0.1224484488748337,-0.18088924793559463,-0.058440799060760926,-0.0010500359181536748,0.010183248164585322,0.41888585000719736,-0.19265920350573393,0.08567560545468358,0.0001374525766054327,0.001571521935989661,0.0837211571262145,0.02401421421254225,0.02077199431142725,0.08843361907357704
L06_VALID,0.6,True,route,0.75,nominal_candidate,55.656,0.1270401776716952,-0.19795718470490328,-0.07091700703320808,-0.0012742023687151085,0.011292688822754917,0.3746941125665755,-0.21820794641105826,0.08585059010775503,0.00011847669504359413,0.0014590173966597601,0.07311285564111338,0.02280026915629256,0.02024016235088809,0.09073825281719067
L06_VALID,0.6,True,route,1.0,velocity_candidate,55.656,0.1273824015301772,-0.22356774119250117,-0.09618533966232398,-0.0017282115075162423,0.011637165200532608,0.3925435439758169,-0.2740712367748768,0.09783454684253844,0.000174866475195112,0.0017725450542762713,0.07826783648370077,0.03708193397184651,0.025812210191704082,0.10404541885132008
L06_VALID,0.6,True,route,1.0,nominal_candidate,55.656,0.1313633941013299,-0.2400249417361011,-0.10866154763477118,-0.0019523779580776768,0.012649539595059076,0.3602994098171873,-0.29258201496757813,0.09593232906051762,0.00015124319919406873,0.0016484733573340657,0.07081457327410023,0.035177276490279366,0.02514056947681667,0.11218870759317674
L06_VALID,0.6,True,motion,0.0,velocity_candidate,24.716,0.09858701971376424,-0.03682701719775988,0.06176000251600436,0.002498786313157645,0.009660615384807886,0.5084415584415585,0.4560827217370137,0.07275470045497509,6.0553309393235215e-05,0.001565236073692263,0.1086956620567679,0.0030566610964814687,0.011120762132147261,0.03841912922420305
L06_VALID,0.6,True,motion,0.0,nominal_candidate,24.716,0.11048070755147585,-0.048190196558053844,0.062290510993422005,0.0025202504852493124,0.011549513791640561,0.5318181818181819,0.39257676978019357,0.08661030746058829,3.455946410595249e-05,0.0011824816404438375,0.05456440305959682,0.002815941854365647,0.010673890622667355,0.026933134044407538
L06_VALID,0.6,True,motion,0.25,velocity_candidate,24.716,0.09776203305004504,-0.05398281086617053,0.043779222183874505,0.0017712907502781398,0.010430623692087714,0.487012987012987,0.28850550077369863,0.07983870936640051,7.549834574210378e-05,0.0017477512630082151,0.10547558699374153,0.005736590247311984,0.015234837345627472,0.05816504861156931
L06_VALID,0.6,True,motion,0.25,nominal_candidate,24.716,0.10642104268893257,-0.06211131202764041,0.04430973066129216,0.0017927549223698072,0.012203564056592647,0.4801948051948052,0.26291527662928255,0.09043886499086337,4.273679000675689e-05,0.0013149579229630008,0.059499168161970616,0.005139507567632759,0.014420212545047389,0.046018277668506226
L06_VALID,0.6,True,motion,0.5,velocity_candidate,24.716,0.098862538577636,-0.07306409672589136,0.02579844185174464,0.001043795187398634,0.011515135939315151,0.4646103896103896,0.15005494527476126,0.08985603846220251,9.522514619132526e-05,0.001962848275578741,0.09774239093356425,0.011251010519431627,0.021335688993688373,0.08605361400533855
L06_VALID,0.6,True,motion,0.5,nominal_candidate,24.716,0.10688637008551433,-0.08055741975635201,0.026328950329162312,0.0010652593594903024,0.013145063965064438,0.41948051948051945,0.14046317752844345,0.0973444723807285,5.5695880007914156e-05,0.0015011443011835916,0.06168297203996335,0.010297564402188998,0.0204116524564711,0.07808994436225487
L06_VALID,0.6,True,motion,0.75,velocity_candidate,24.716,0.10249755540063317,-0.09467989388101838,0.007817661519614785,0.0003162996245191287,0.012834672761628337,0.43896103896103894,0.03964784790601438,0.10194562689383929,0.0001197337107408996,0.0022009953641874045,0.08985917517394684,0.01959992191284041,0.028160351881018994,0.11141682033489413
L06_VALID,0.6,True,motion,0.75,nominal_candidate,24.716,0.1107267193631084,-0.10237854936607597,0.008348169997032431,0.00033776379661079587,0.01431741812304587,0.38766233766233765,0.03917392585746597,0.10673152938639101,7.343673410942432e-05,0.001723723426604501,0.061848911058809616,0.018290112358034374,0.02720314355920889,0.11077873118615111
L06_VALID,0.6,True,motion,1.0,velocity_candidate,24.716,0.10733681744891552,-0.11749993626143057,-0.010163118812515054,-0.000411195938360376,0.014324430815829039,0.412012987012987,-0.04520221291581203,0.11545834355846177,0.00014902403939082682,0.002455495102426971,0.08323366586689747,0.03078332442753831,0.0352913820731063,0.13147437595566303
L06_VALID,0.6,True,motion,1.0,nominal_candidate,24.716,0.11565507935202901,-0.12528768968712642,-0.009632610335097408,-0.00038973176626870884,0.015668894054042877,0.3782467532467532,-0.03997883137772033,0.1180093533880366,9.595935231128736e-05,0.0019704007344981214,0.061060976839084756,0.029117151435168874,0.034323008614365935,0.13773826346511955
L06_VALID,0.6,True,motion_acceleration,0.0,velocity_candidate,3.967999999999975,0.030345144452208015,-0.002875059754691822,0.027470084697516193,0.006922904409656342,0.01316051443988162,0.6513026052104208,0.8269089655930127,0.08155319217239555,0.0,0.0,0.0,0.0,0.0,0.0
L06_VALID,0.6,True,motion_acceleration,0.0,nominal_candidate,3.967999999999975,0.03847005272415078,-0.003211779771802447,0.03525827295234833,0.008885653465813648,0.01696926071242888,0.6593186372745491,0.8458906636547581,0.10284050648545368,0.0,0.0,0.0,0.0,0.0,0.0
L06_VALID,0.6,True,motion_acceleration,0.25,velocity_candidate,3.967999999999975,0.03107006025434503,-0.0045643920212768896,0.02650566823306814,0.006679855905511166,0.013647061048871903,0.6112224448897795,0.7438214014924281,0.08954190418472367,0.0,0.0,0.0,0.0,0.0,0.0
L06_VALID,0.6,True,motion_acceleration,0.25,nominal_candidate,3.967999999999975,0.03893159812895431,-0.004637741641054024,0.03429385648790029,0.008642604961668474,0.017336734018772344,0.6052104208416834,0.7871098499295375,0.10895160234687327,0.0,0.0,0.0,0.0,0.0,0.0
L06_VALID,0.6,True,motion_acceleration,0.5,velocity_candidate,3.967999999999975,0.03266244490872026,-0.007121193140100171,0.025541251768620085,0.006436807401365989,0.0143995684614148,0.5871743486973948,0.6420039247611588,0.10144090557749404,0.0,0.0,0.0,0.0,0.0,0.0
L06_VALID,0.6,True,motion_acceleration,0.5,nominal_candidate,3.967999999999975,0.040170511833585075,-0.006841071810132842,0.033329440023452235,0.008399556457523298,0.017922919555780112,0.5831663326653307,0.7089622905716769,0.11861875400439444,0.0,0.0,0.0,0.0,0.0,0.0
L06_VALID,0.6,True,motion_acceleration,0.75,velocity_candidate,3.967999999999975,0.03479229113212819,-0.010215455827956155,0.02457683530417204,0.006193758897220815,0.015379045163219269,0.56312625250501,0.5460578892333424,0.11605359671968446,0.0,0.0,0.0,0.0,0.0,0.0
L06_VALID,0.6,True,motion_acceleration,0.75,nominal_candidate,3.967999999999975,0.04206478876286362,-0.009699765203859432,0.03236502355900418,0.008156507953378122,0.018707268801786733,0.5450901803607214,0.6252352445615604,0.1310573966512236,0.0,0.0,0.0,0.0,0.0,0.0
L06_VALID,0.6,True,motion_acceleration,1.0,velocity_candidate,3.967999999999975,0.03698502681079635,-0.013372607971072353,0.023612418839724,0.005950710393075642,0.016545230431871755,0.56312625250501,0.4688945170281441,0.13248506544741384,0.0,0.0,0.0,0.0,0.0,0.0
L06_VALID,0.6,True,motion_acceleration,1.0,nominal_candidate,3.967999999999975,0.04420615863545699,-0.012805551540900845,0.031400607094556145,0.007913459449232949,0.019666085739050168,0.5591182364729459,0.5507746916804059,0.14555874724754447,0.0,0.0,0.0,0.0,0.0,0.0
L06_VALID,0.6,True,motion_cruise,0.0,velocity_candidate,16.711999999999996,0.02536079048679288,-0.028276512881564554,-0.0029157223947716727,-0.00017446878858135912,0.005077581373294666,0.43980815347721824,-0.054359973594268376,0.05885300350131986,4.3595626202308965e-05,0.0016151291173524735,0.19738065097204985,0.0018511917753708661,0.010524742825686743,0.05091923645253383
L06_VALID,0.6,True,motion_cruise,0.0,nominal_candidate,16.711999999999996,0.023628811205118866,-0.03935308114109325,-0.015724269935974387,-0.0009408969564369549,0.006431505592973202,0.475779376498801,-0.2496633452919755,0.06843144640259602,1.1531737613149405e-05,0.0008306788683414811,0.05074296163939123,0.002494854603118825,0.012218233112347918,0.048598719261688995
L06_VALID,0.6,True,motion_cruise,0.25,velocity_candidate,16.711999999999996,0.021306726626947048,-0.04198061381557764,-0.020673887188630592,-0.0012370684052555407,0.006033564690317756,0.42158273381294964,-0.32666702446448803,0.06560525707054092,4.9737732881669104e-05,0.0017251576141851684,0.18667176709505098,0.0026689670232728016,0.012637390060035654,0.06511257301448733
L06_VALID,0.6,True,motion_cruise,0.25,nominal_candidate,16.711999999999996,0.016643607796202116,-0.050126042526035426,-0.03348243472983331,-0.0020034965731111367,0.007273477863358224,0.41678657074340525,-0.5014618852763713,0.07075547346133673,1.7332734515580465e-05,0.0010184022004399668,0.0723150668925852,0.002771833576412222,0.012878620983451182,0.055866607255332934
L06_VALID,0.6,True,motion_cruise,0.5,velocity_candidate,16.711999999999996,0.018237345734764886,-0.0566693977172544,-0.038432051982489515,-0.0022996680219297227,0.007463931446642197,0.39616306954436453,-0.5130653157696912,0.07559202172494671,5.9211603612913734e-05,0.001882301542270423,0.1676722672363568,0.005868563271262665,0.01873922743236784,0.11265896529154039
L06_VALID,0.6,True,motion_cruise,0.5,nominal_candidate,16.711999999999996,0.013252256080666498,-0.06449285560435872,-0.05124059952369222,-0.0030660961897853176,0.008551432380787649,0.33237410071942447,-0.6590845187963358,0.07680847252570606,2.646549546989606e-05,0.0012584205479902657,0.0902552845463249,0.005430633549793546,0.01802648434201686,0.09989873591587912
L06_VALID,0.6,True,motion_cruise,0.75,velocity_candidate,16.711999999999996,0.017133648096905037,-0.07332386487325346,-0.05619021677634842,-0.003362267638603903,0.00914882188624329,0.3645083932853717,-0.6211779976184543,0.08771538063900503,7.201723839604291e-05,0.002075888477851697,0.14973861860504514,0.011449980519340456,0.026175088600507216,0.1643706271696982
L06_VALID,0.6,True,motion_cruise,0.75,nominal_candidate,16.711999999999996,0.012555297772897229,-0.08155406209044837,-0.06899876431755114,-0.0041286958064595,0.010101228182538485,0.294484412470024,-0.7331764281230149,0.08580487245916767,3.893002047609617e-05,0.0015262585244769464,0.10036224607078881,0.010471254523262795,0.0250314002460998,0.15968528085227357
L06_VALID,0.6,True,motion_cruise,1.0,velocity_candidate,16.711999999999996,0.017146808339912178,-0.0910951899101195,-0.07394838157020732,-0.004424867255278084,0.010971595630095879,0.32326139088729017,-0.683176426578818,0.10121043677325933,8.81546372310566e-05,0.0022967216686208478,0.135646078034053,0.019413218767506173,0.03408274465146072,0.20719715460495464
L06_VALID,0.6,True,motion_cruise,1.0,nominal_candidate,16.711999999999996,0.012692299280696455,-0.0994492283921065,-0.08675692911141004,-0.00519129542313368,0.011816383766886585,0.27529976019184654,-0.7736378388257922,0.09692853595687692,5.472630953418079e-05,0.0018096053342273948,0.10450317244045544,0.01789369649681997,0.032721697084316805,0.21492887886368922
L06_VALID,0.6,True,motion_deceleration,0.0,velocity_candidate,3.984000000000009,0.04233720127094742,-0.005625444839865624,0.0367117564310818,0.009214798300974327,0.01719998442775627,0.6506024096385542,0.7654239164841499,0.10734718030625445,0.0,0.0,0.0,0.0,0.0,0.0
L06_VALID,0.6,True,motion_deceleration,0.0,nominal_candidate,3.984000000000009,0.0476979044177774,-0.005604139803322842,0.04209376461445456,0.010565703969491583,0.019057471953396788,0.6365461847389559,0.7897213930453956,0.12690295778120628,0.0,0.0,0.0,0.0,0.0,0.0
L06_VALID,0.6,True,motion_deceleration,0.25,velocity_candidate,3.984000000000009,0.04484596240357873,-0.007372046109777655,0.03747391629380108,0.009406103487399847,0.018283732138615477,0.6345381526104418,0.7176435364097801,0.11550330786580212,0.0,0.0,0.0,0.0,0.0,0.0
L06_VALID,0.6,True,motion_deceleration,0.25,nominal_candidate,3.984000000000009,0.05016649729798904,-0.0073105728208152,0.04285592447717384,0.010757009155917104,0.019968060819584407,0.6184738955823293,0.7456177635462504,0.13291908715419865,0.0,0.0,0.0,0.0,0.0,0.0
L06_VALID,0.6,True,motion_deceleration,0.5,velocity_candidate,3.984000000000009,0.04742806390761833,-0.009191987751097967,0.03823607615652036,0.00959740867382537,0.019491912384782737,0.6265060240963856,0.6753098069742606,0.12530971359738846,0.0,0.0,0.0,0.0,0.0,0.0
L06_VALID,0.6,True,motion_deceleration,0.5,nominal_candidate,3.984000000000009,0.05278886244411736,-0.009170778104224226,0.043618084339893136,0.01094831434234263,0.021010570183423453,0.6184738955823293,0.7039757486304626,0.14062190423924287,0.0,0.0,0.0,0.0,0.0,0.0
L06_VALID,0.6,True,motion_deceleration,0.75,velocity_candidate,3.984000000000009,0.05004153188370911,-0.011043295864469478,0.038998236019239636,0.00978871386025089,0.020802856217675414,0.6244979919678715,0.6384275352303416,0.13641095154515737,0.0,0.0,0.0,0.0,0.0,0.0
L06_VALID,0.6,True,motion_deceleration,0.75,nominal_candidate,3.984000000000009,0.05543649283884387,-0.01105624863623147,0.044380244202612405,0.011139619528768149,0.022166394764785886,0.6184738955823293,0.6674449453892383,0.1497513584563246,0.0,0.0,0.0,0.0,0.0,0.0
L06_VALID,0.6,True,motion_deceleration,1.0,velocity_candidate,3.984000000000009,0.052679465311376336,-0.012919069429417415,0.03976039588195892,0.009980019046676414,0.022198364716986035,0.6305220883534136,0.606117134156552,0.14851694942574578,0.0,0.0,0.0,0.0,0.0,0.0
L06_VALID,0.6,True,motion_deceleration,1.0,nominal_candidate,3.984000000000009,0.058089537283360165,-0.01294713321802848,0.04514240406533168,0.01133092471519367,0.023418762674443656,0.6265060240963856,0.6354802913299438,0.16006352474201282,0.0,0.0,0.0,0.0,0.0,0.0
L06_VALID,0.6,True,hover,0.0,velocity_candidate,20.724000000000004,0.019039024431620453,-0.02513245314512886,-0.0060934287135084066,-0.00029402763527834423,0.0037182525666004758,0.4691119691119691,-0.1379493973893195,0.048134771158362046,5.218490507229507e-06,0.0005018057773475527,0.05955154558733556,0.0022643468314445794,0.010452849141497148,0.05954657354720696
L06_VALID,0.6,True,hover,0.0,nominal_candidate,20.724000000000004,0.015802126575997225,-0.03151322124338382,-0.015711094667386596,-0.0007581111111458499,0.0044010923420795085,0.4563706563706564,-0.3320507064084417,0.052630755626975056,2.592781423791834e-05,0.0011185262002909135,0.12275447399834134,0.002987795172341264,0.012007113579353365,0.05490135981721937
L06_VALID,0.6,True,hover,0.25,velocity_candidate,20.724000000000004,0.015543485715675811,-0.03654660261886488,-0.021003116903189067,-0.0010134682929545003,0.004746843171986904,0.4193050193050193,-0.40320755012546217,0.05380216424765619,7.117437381674051e-06,0.0005860369989200066,0.059992899642876095,0.0018865095147618473,0.00954097390781085,0.04459086483501319
L06_VALID,0.6,True,hover,0.25,nominal_candidate,20.724000000000004,0.013075767507043002,-0.04369655036411027,-0.03062078285706727,-0.0014775517688220066,0.005608562478758698,0.39227799227799226,-0.5393611535566012,0.05464521071655303,2.9909808782953822e-05,0.0012013513104794083,0.12422763034699609,0.002317643994730852,0.010575150855255426,0.04535880920290072
L06_VALID,0.6,True,hover,0.5,velocity_candidate,20.724000000000004,0.013583640734565567,-0.0494964458274353,-0.03591280509286973,-0.0017329089506306565,0.006125898871668789,0.37683397683397685,-0.5693207959943325,0.06217402487986714,1.0853893182713369e-05,0.0007236956793709319,0.06147830184527059,0.0021331397496912037,0.010145486153565197,0.04141224713543636
L06_VALID,0.6,True,hover,0.5,nominal_candidate,20.724000000000004,0.011745111554454353,-0.05727558260120229,-0.045530471046747935,-0.002196992426498163,0.007058989395716324,0.3413127413127413,-0.6596640558854253,0.059961833522777404,3.5729312254584083e-05,0.001313032683506833,0.12021263003716333,0.0022719603687325275,0.010470407487932501,0.0431172474997501
L06_VALID,0.6,True,hover,0.75,velocity_candidate,20.724000000000004,0.013119344026335024,-0.06394183730888545,-0.050822493282550424,-0.002452349608306814,0.007668621310799862,0.35945945945945945,-0.6595083594873756,0.07231711879326759,1.642785791034745e-05,0.000890335473229244,0.06285507301522415,0.0030042375362326476,0.012040106881704359,0.04577198111364232
L06_VALID,0.6,True,hover,0.75,nominal_candidate,20.724000000000004,0.011300683710804903,-0.07174084294723351,-0.060440159236428606,-0.0029164330841743194,0.00863074089725776,0.3173745173745174,-0.7278305405597695,0.06780828646512707,4.3386324652809127e-05,0.0014469037393817598,0.11400315375481312,0.002850744294346291,0.01172849643233617,0.04814500797658702
L06_VALID,0.6,True,hover,1.0,velocity_candidate,20.724000000000004,0.013073653859559234,-0.07880583533179031,-0.06573218147223107,-0.0031717902659829694,0.009293861822034004,0.3544401544401544,-0.7154173586591921,0.0835891247718475,2.3839331564576305e-05,0.0010725319667747577,0.06389946603472833,0.004499802874386181,0.014735332924694037,0.05313763445670937
L06_VALID,0.6,True,hover,1.0,nominal_candidate,20.724000000000004,0.01115007573614237,-0.08649992316225164,-0.07534984742610927,-0.0036358737418504756,0.010268254209865789,0.311969111969112,-0.77163183078488,0.07741915626010704,5.288084597762893e-05,0.0015973953112582635,0.10773823978188,0.0040539957715721425,0.013986364874809944,0.05737909565542669
L06_VALID,0.6,True,terminal_10s,0.0,velocity_candidate,10.215999999999994,0.009741841080584302,-0.010615592139151885,-0.0008737510585675821,-8.552770737740628e-05,0.003960109596423707,0.5340642129992169,-0.04292049243813779,0.04459291665805417,7.070999955692105e-07,0.0002630873552578965,0.042400618766959726,0.000955171734249798,0.009669416979880156,0.05755419367292469
L06_VALID,0.6,True,terminal_10s,0.0,nominal_candidate,10.215999999999994,0.009038433587118783,-0.013301235141672951,-0.004262801554554168,-0.0004172671842750754,0.004987423084555534,0.4573218480814409,-0.1908175813305682,0.049046071474689125,9.579233079384978e-07,0.0003062139192845357,0.035704942475201326,0.001330634855171613,0.011412715877872627,0.058753914855702215
L06_VALID,0.6,True,terminal_10s,0.25,velocity_candidate,10.215999999999994,0.008599211115820937,-0.014327034254141092,-0.005727823138320156,-0.0005606718028896005,0.004678072724094253,0.5199686765857479,-0.2498369465165347,0.04868980850837945,6.43005832115839e-07,0.00025088056200806924,0.030680916299603185,0.000988237295633082,0.009835358119837153,0.05065651315533428
L06_VALID,0.6,True,terminal_10s,0.25,nominal_candidate,10.215999999999994,0.007479942934835658,-0.0165968165691424,-0.009116873634306742,-0.0008924112797872697,0.005311207150541769,0.4635865309318716,-0.37865866595545866,0.048218362483757105,9.310974827537073e-07,0.00030189584380125895,0.031834866532820486,0.0013216652897285247,0.01137418532424123,0.05866513314284111
L06_VALID,0.6,True,terminal_10s,0.5,velocity_candidate,10.215999999999994,0.007651401607973358,-0.01823329682604609,-0.010581895218072731,-0.0010358158984017948,0.005688605828242727,0.5027407987470635,-0.4088089048070685,0.055856954749183424,8.376418183213227e-07,0.0002863444258570322,0.02668591886419423,0.0011398649720395467,0.01056297524237284,0.047540377956436106
L06_VALID,0.6,True,terminal_10s,0.5,nominal_candidate,10.215999999999994,0.006144801490566731,-0.02011574720462605,-0.013970945714059317,-0.0013675553752994641,0.005984766430576019,0.4643696162881754,-0.5320127113953571,0.05110417339991758,1.1630018072277723e-06,0.00033740363153702256,0.030753863043856126,0.0014312578393086174,0.011836369032866717,0.05972038576280837
L06_VALID,0.6,True,terminal_10s,0.75,velocity_candidate,10.215999999999994,0.0068315494478655165,-0.022267516745690816,-0.0154359672978253,-0.0015109599939139887,0.006863678575464809,0.49099451840250585,-0.5304626339261507,0.06508789472614057,1.291007954185661e-06,0.0003554872402412228,0.026912912686063446,0.0014100547634691926,0.011748368167852057,0.04700090362118269
L06_VALID,0.6,True,terminal_10s,0.75,nominal_candidate,10.215999999999994,0.0050127745977819145,-0.023837792391593803,-0.018825017793811887,-0.001842699470811658,0.006906512326935228,0.4596711041503524,-0.6525007914313864,0.057143637457917056,1.6536362813606907e-06,0.00040232734753343103,0.03147683187302922,0.0016594125039118917,0.012744908943774799,0.06155404891241439
L06_VALID,0.6,True,terminal_10s,1.0,velocity_candidate,10.215999999999994,0.006971930221702423,-0.027261969599280303,-0.02029003937757788,-0.0019861040894261837,0.008132275595824773,0.422866092404072,-0.592688518798015,0.0756306907985717,2.0031042397088554e-06,0.00044280379363581236,0.028332199892105555,0.001798806669922021,0.013269415784227303,0.04786602352604104
L06_VALID,0.6,True,terminal_10s,1.0,nominal_candidate,10.215999999999994,0.004558239013158561,-0.028237328886723024,-0.023679089873564464,-0.002317843566323853,0.007991018162702541,0.41503523884103366,-0.722021034849955,0.06546973934356275,2.403000905152467e-06,0.0004849941778013634,0.03273688167752708,0.002006129283538348,0.014013254728966383,0.06367270636045168
L08_VALID,0.8,True,route,0.0,velocity_candidate,55.66400000000001,0.13074936923249728,-0.06884085019914145,0.06190851903335583,0.0011121823626285537,0.00715515028701643,0.5178365937859609,0.3101781199983098,0.048552813957442625,4.68590185219418e-05,0.0009175070040641972,0.0707409920547843,0.007016183750476663,0.01122698833824587,0.09808686631515312
L08_VALID,0.8,True,route,0.0,nominal_candidate,55.66400000000001,0.1397300748483668,-0.08554679036031691,0.05418328448804989,0.0009733990458474038,0.008693156859276357,0.5595512082853855,0.24051863664676604,0.05551868787870804,8.35860006885137e-05,0.0012254047724281837,0.09909848923248568,0.007755181133226534,0.01180344463325461,0.08850580740298995
L08_VALID,0.8,True,route,0.25,velocity_candidate,55.66400000000001,0.11401440313833121,-0.10212429447530184,0.011890108663029364,0.00021360499897652633,0.007501015457664366,0.4404487917146145,0.05501147547527088,0.05121770043756156,4.821901771950947e-05,0.0009307262735228536,0.058532339636261595,0.008783402415056922,0.012561577571465643,0.1029667744068721
L08_VALID,0.8,True,route,0.25,nominal_candidate,55.66400000000001,0.12014615159746307,-0.11598127747973966,0.004164874117723413,7.482168219537606e-05,0.009087670717591754,0.4756904487917146,0.017638247847782614,0.05610455609488888,0.00011413647509923498,0.0014319406640816057,0.11503197408702907,0.008581791652963487,0.012416573897874298,0.09615712339794409
L08_VALID,0.8,True,route,0.5,velocity_candidate,55.66400000000001,0.10385374156403994,-0.14198204327133707,-0.03812830170729713,-0.0006849723646755015,0.008254601381287002,0.39542577675489066,-0.1550966297800363,0.05696817942940417,5.86150308665112e-05,0.001026165225575399,0.051605818590530206,0.01590145953863576,0.016901735014414367,0.13943225704936246
L08_VALID,0.8,True,route,0.5,nominal_candidate,55.66400000000001,0.11130177177858704,-0.15715530803119004,-0.04585353625260301,-0.0008237556814566507,0.00981858929603753,0.3834867663981588,-0.17080397464314906,0.05974413159381347,0.00015372296345939038,0.0016618130625454734,0.1190185150380328,0.014759240631699018,0.016283389112501472,0.13944877030299058
L08_VALID,0.8,True,route,0.75,velocity_candidate,55.66400000000001,0.09808160208231606,-0.18622831415993962,-0.08814671207762356,-0.0015835497283275286,0.009317500138624514,0.3486766398158803,-0.31003741706467686,0.06499028874649675,7.804705796294702e-05,0.0011841073111717008,0.04882625077098559,0.028370355121213168,0.02257590559396686,0.1798397619587403
L08_VALID,0.8,True,route,0.75,nominal_candidate,55.66400000000001,0.10721205322197123,-0.20308399984490072,-0.09587194662292949,-0.0017223330451086782,0.010817938170402342,0.3370253164556962,-0.3089692752304139,0.06593363966638353,0.00020234546576897982,0.0019065997546623818,0.11618471390497026,0.026287528069433116,0.021731398162418848,0.1913207875499428
L08_VALID,0.8,True,route,1.0,velocity_candidate,55.66400000000001,0.09587136074322224,-0.23403648319117226,-0.13816512244795004,-0.002482127091979556,0.010597043337841339,0.3193325661680092,-0.41879914342208113,0.0745543112748585,0.00010651509900881693,0.0013833063864509317,0.04815917335824319,0.04619008916278915,0.028806281116357583,0.2134173497584835
L08_VALID,0.8,True,route,1.0,nominal_candidate,55.66400000000001,0.10538768908027125,-0.2512780460735272,-0.14589035699325598,-0.0026209104087607064,0.012018944652278344,0.30422899884925203,-0.4090394523890733,0.0740362880881892,0.0002600039820280034,0.002161238990566785,0.11100835320842307,0.04316665396616579,0.02784754967092658,0.23469222792484234
L08_VALID,0.8,True,motion,0.0,velocity_candidate,24.756,0.10844397035932257,-0.038788435933650486,0.06965553442567209,0.0028136829223490097,0.010024037280000165,0.585594315245478,0.47309920539549394,0.05930225972123414,3.550381463912076e-05,0.001197559972809863,0.06321511297158823,0.00445299076435269,0.013411756508733946,0.138092819119259
L08_VALID,0.8,True,motion,0.0,nominal_candidate,24.756,0.11686731505162429,-0.045476987578021384,0.07139032747360291,0.0028837585827113793,0.01205233677073493,0.6298449612403101,0.4397464297620897,0.06813678031375078,7.156903409256309e-05,0.001700287417518497,0.10471256905856008,0.0037891971577774285,0.012371813495938142,0.09847544016073244
L08_VALID,0.8,True,motion,0.25,velocity_candidate,24.756,0.09539752304925724,-0.058986677381677455,0.03641084566757978,0.001470788724655832,0.010369443995964447,0.5054909560723514,0.23584567310609308,0.06083939312026575,2.813371920497441e-05,0.0010660395990600888,0.04120592382415537,0.00551909989843569,0.014931171730864652,0.14012404243399795
L08_VALID,0.8,True,motion,0.25,nominal_candidate,24.756,0.10385542309236838,-0.06570978437685776,0.03814563871551062,0.0015408643850182023,0.012478425985725017,0.5229328165374677,0.22496147225505297,0.06834989121400105,9.006015685079476e-05,0.0019073311977894308,0.1125668038427208,0.004483146615688189,0.013457092389621759,0.1109373324954645
L08_VALID,0.8,True,motion,0.5,velocity_candidate,24.756,0.08747157168490156,-0.08430541477541408,0.0031661569094874886,0.00012789452696265505,0.011246298162864501,0.4470284237726098,0.018431787486381024,0.06615467534520245,2.4488608692872114e-05,0.0009945848024500003,0.026465203793034024,0.010426046882563263,0.02052199605216091,0.184485569668413
L08_VALID,0.8,True,motion,0.5,nominal_candidate,24.756,0.09753238957494006,-0.09263143961752175,0.004900949957418313,0.00019797018732502477,0.013344407694432217,0.436046511627907,0.025772251107008044,0.07204949683375023,0.00011227626453107056,0.0021296279623827467,0.10815880836532402,0.00901793392364352,0.01908592827422042,0.17232661504086738
L08_VALID,0.8,True,motion,0.75,velocity_candidate,24.756,0.08284895782766902,-0.1129274896762738,-0.03007853184860479,-0.0012149996707305215,0.012543639190388572,0.39082687338501293,-0.1536371316983828,0.07444317263796191,2.4568483102813907e-05,0.0009962054988692317,0.019055706375604248,0.019173831716735406,0.027830064871907433,0.2292777168871064
L08_VALID,0.8,True,motion,0.75,nominal_candidate,24.756,0.09450960730689087,-0.12285334610756485,-0.02834373880067398,-0.0011449240103681524,0.014572066652922726,0.3866279069767442,-0.1303982042727847,0.07874571687791508,0.00013821735713339037,0.0023628766752576374,0.09890274783478015,0.017393559081643417,0.026506597984197983,0.23430256788361736
L08_VALID,0.8,True,motion,1.0,velocity_candidate,24.756,0.0809523251629573,-0.1442755457696544,-0.0633232206066971,-0.002557893868423699,0.014146248764151258,0.3594961240310077,-0.2811517968202232,0.08483788306158419,2.8373342434799776e-05,0.0010705698608229918,0.015987570094091946,0.03176245440095212,0.035819274918478965,0.2630952153735312
L08_VALID,0.8,True,motion,1.0,nominal_candidate,24.756,0.0929114152462341,-0.15449984280500034,-0.06158842755876624,-0.0024878182080613283,0.01607876999484785,0.36401808785529716,-0.24893138672781165,0.08775523589408385,0.0001678834346577543,0.0026041361467871,0.0893768552694198,0.029610022089687882,0.03458431105869282,0.27900692987545295
L08_VALID,0.8,True,motion_acceleration,0.0,velocity_candidate,3.9840000000000018,0.03437681204035807,-0.002972989166223266,0.031403822874134804,0.00788248566117841,0.014399035289509855,0.7629482071713147,0.8408029456553359,0.06565939956030166,0.0,0.0,0.0,0.0,0.0,0.0
L08_VALID,0.8,True,motion_acceleration,0.0,nominal_candidate,3.9840000000000018,0.04061868045134869,-0.0027522598943523074,0.037866420556996384,0.009504623633784228,0.017351256681394287,0.6733067729083665,0.873082765906637,0.07601274530553104,0.0,0.0,0.0,0.0,0.0,0.0
L08_VALID,0.8,True,motion_acceleration,0.25,velocity_candidate,3.9840000000000018,0.03286119744998499,-0.0040928066568603864,0.028768390793124602,0.007220981624780269,0.01419042936748269,0.6992031872509961,0.7784918438052436,0.06585629257291063,0.0,0.0,0.0,0.0,0.0,0.0
L08_VALID,0.8,True,motion_acceleration,0.25,nominal_candidate,3.9840000000000018,0.039099116601510935,-0.0038681281255247605,0.03523098847598617,0.008843119597386083,0.017160908383787657,0.6434262948207171,0.8199499106773829,0.07544714240660381,0.0,0.0,0.0,0.0,0.0,0.0
L08_VALID,0.8,True,motion_acceleration,0.5,velocity_candidate,3.9840000000000018,0.03216870088870021,-0.006035742176585819,0.026132958712114393,0.006559477588382124,0.014233481664440576,0.6274900398406374,0.6840293069436147,0.06982507960758136,0.0,0.0,0.0,0.0,0.0,0.0
L08_VALID,0.8,True,motion_acceleration,0.5,nominal_candidate,3.9840000000000018,0.03853643464575855,-0.005940878250782599,0.03259555639497595,0.008181615560987936,0.017178914138657395,0.5597609561752988,0.7328580409251926,0.07822532259881061,0.0,0.0,0.0,0.0,0.0,0.0
L08_VALID,0.8,True,motion_acceleration,0.75,velocity_candidate,3.9840000000000018,0.032039009733473484,-0.008541483102369303,0.02349752663110418,0.005897973551983978,0.014525954744659746,0.5936254980079682,0.5790350237035552,0.07698459691969656,0.0,0.0,0.0,0.0,0.0,0.0
L08_VALID,0.8,True,motion_acceleration,0.75,nominal_candidate,3.9840000000000018,0.03856108720188881,-0.008600962887923065,0.029960124313965747,0.007520111524589793,0.017404627307226615,0.5199203187250996,0.6352591597886845,0.08401622964630365,0.0,0.0,0.0,0.0,0.0,0.0
L08_VALID,0.8,True,motion_acceleration,1.0,velocity_candidate,3.9840000000000018,0.03242087051468507,-0.011558775964591103,0.020862094550093968,0.005236469515585833,0.015053317524364047,0.5697211155378487,0.4743579410062898,0.08654658013750768,0.0,0.0,0.0,0.0,0.0,0.0
L08_VALID,0.8,True,motion_acceleration,1.0,nominal_candidate,3.9840000000000018,0.03906304916083267,-0.011738356927877135,0.027324692232955534,0.006858607488191647,0.0178301614888099,0.4960159362549801,0.537872754648581,0.09225426029295167,0.0,0.0,0.0,0.0,0.0,0.0
L08_VALID,0.8,True,motion_cruise,0.0,velocity_candidate,16.759999999999998,0.03172662106686648,-0.029669322156935216,0.002057298909931265,0.00012275053161881055,0.005784411263163501,0.5159752026704817,0.03350871086762131,0.04743127183401289,7.545715126787254e-05,0.0021218427516573636,0.3531844260725536,0.001816488005904221,0.010410683899457733,0.1379126536525889
L08_VALID,0.8,True,motion_cruise,0.0,nominal_candidate,16.759999999999998,0.028227278554843985,-0.039677867700035716,-0.01145058914519173,-0.0006832093762047573,0.008087729969622738,0.5817835002384358,-0.16862623492794385,0.055351373484470216,2.447760990670459e-05,0.0012085023450788721,0.1479449080824366,0.001955700240274218,0.010802247844264413,0.09074667615346169
L08_VALID,0.8,True,motion_cruise,0.25,velocity_candidate,16.759999999999998,0.023179550117085862,-0.04430731723565026,-0.0211277671185644,-0.0012606066299859428,0.006791462602584673,0.4253695755841679,-0.31306486650410237,0.04991885193564222,6.909445999306252e-05,0.0020304140329427383,0.3011595019391197,0.0020768013537903066,0.011131673814870013,0.1540213160416171
L08_VALID,0.8,True,motion_cruise,0.25,nominal_candidate,16.759999999999998,0.02019505832885614,-0.05483071350254354,-0.0346356551736874,-0.002066566537809511,0.009322927331626084,0.4554124940391035,-0.46165010140144586,0.05712995943827506,2.2600292126568687e-05,0.0011612347382579603,0.14402697054829716,0.0017099472588351307,0.010100766939722575,0.08939197469868039
L08_VALID,0.8,True,motion_cruise,0.5,velocity_candidate,16.759999999999998,0.018127744166898455,-0.06244057731395852,-0.04431283314706007,-0.0026439637915906967,0.008339414666452213,0.3652837386742966,-0.5500031815555297,0.056156791598692093,6.62617299786632e-05,0.001988357070852472,0.22429143794298578,0.004560293987951956,0.016495269423755666,0.23193786438849465
L08_VALID,0.8,True,motion_cruise,0.5,nominal_candidate,16.759999999999998,0.01667863571253661,-0.07449935691471968,-0.05782072120218307,-0.0034499236994142645,0.010916954432251984,0.35765379113018597,-0.6341521625570251,0.06231707003322936,2.4252935606843465e-05,0.0012029432780647877,0.12211827778514764,0.003687373563671609,0.014832746064962538,0.16336508897091873
L08_VALID,0.8,True,motion_cruise,0.75,velocity_candidate,16.759999999999998,0.01532754259224273,-0.08282544176779846,-0.06749789917555574,-0.0040273209531954506,0.010184548676873665,0.2966142107773009,-0.6876805592376326,0.06507538659163783,6.695896122467455e-05,0.0019987908221911492,0.16266213942414545,0.009266965908389173,0.023514284883434287,0.2922886849150202
L08_VALID,0.8,True,motion_cruise,0.75,nominal_candidate,16.759999999999998,0.015373393372507635,-0.09637918060318636,-0.08100578723067872,-0.004833280861019017,0.012735781726960875,0.30138292799237004,-0.7248673059494571,0.07016073975479228,2.9435540347528937e-05,0.0013252536197927562,0.1013251979930227,0.007887979154783654,0.02169431141244457,0.2474320306696482
L08_VALID,0.8,True,motion_cruise,1.0,velocity_candidate,16.759999999999998,0.014512325565785274,-0.10519529076983666,-0.09068296520405139,-0.005410678114800203,0.01219268422456756,0.25894134477825465,-0.7575371390722986,0.07573343958086888,7.118615373109661e-05,0.0020609182114218996,0.12314226521787802,0.01619681711510195,0.03108692977075278,0.326461460869852
L08_VALID,0.8,True,motion_cruise,1.0,nominal_candidate,16.759999999999998,0.01492050258881663,-0.11911135584799101,-0.10419085325917438,-0.00621663802262377,0.014696179789100075,0.2756318550309967,-0.7773588643352096,0.07988221843225678,3.814810634862509e-05,0.001508688170873846,0.08817763086455822,0.014311764032171263,0.029221975776253996,0.3041647422079268
L08_VALID,0.8,True,motion_deceleration,0.0,velocity_candidate,3.995999999999995,0.04213856460578237,-0.00613511949419139,0.03600344511159098,0.009009871149046804,0.0165582503952316,0.6978131212723658,0.7458192964313356,0.0894861171428485,0.0,0.0,0.0,0.0,0.0,0.0
L08_VALID,0.8,True,motion_deceleration,0.0,nominal_candidate,3.995999999999995,0.04777787819832763,-0.0030377325830856774,0.04474014561524195,0.011196232636446948,0.017987178632672872,0.7872763419483101,0.8804409693646039,0.10044262051166303,0.0,0.0,0.0,0.0,0.0,0.0
L08_VALID,0.8,True,motion_deceleration,0.25,velocity_candidate,3.995999999999995,0.03916143282233609,-0.010574777939545624,0.02858665488279047,0.007153817538235862,0.016453727462262355,0.6461232604373758,0.5747654363870346,0.09006849089634136,0.0,0.0,0.0,0.0,0.0,0.0
L08_VALID,0.8,True,motion_deceleration,0.25,nominal_candidate,3.995999999999995,0.04432440030136266,-0.007001044914921223,0.03732335538644144,0.009340179025636006,0.01745688038118738,0.6858846918489065,0.7271900950719852,0.0975584198198961,0.0,0.0,0.0,0.0,0.0,0.0
L08_VALID,0.8,True,motion_deceleration,0.5,velocity_candidate,3.995999999999995,0.03698641395591794,-0.015816549301927982,0.021169864653989956,0.00529776392742492,0.016993265660640085,0.6083499005964215,0.40092190566301894,0.09478284653079963,0.0,0.0,0.0,0.0,0.0,0.0
L08_VALID,0.8,True,motion_deceleration,0.5,nominal_candidate,3.995999999999995,0.04208710134247158,-0.012180536184830653,0.029906565157640928,0.007484125414825066,0.01753405798102511,0.6421471172962226,0.5510939211716159,0.09855687491675205,0.0,0.0,0.0,0.0,0.0,0.0
L08_VALID,0.8,True,motion_deceleration,0.75,velocity_candidate,3.995999999999995,0.03530032281503316,-0.021547248389843725,0.013753074425189436,0.0034417103166139774,0.01811942182806164,0.5825049701789264,0.24192897134732075,0.10306371812482787,0.0,0.0,0.0,0.0,0.0,0.0
L08_VALID,0.8,True,motion_deceleration,0.75,nominal_candidate,3.995999999999995,0.04035153884478645,-0.017861763915946037,0.02248977492884041,0.005628071804014124,0.018210989678770346,0.6123260437375746,0.3863339453746092,0.10332549037896502,0.0,0.0,0.0,0.0,0.0,0.0
L08_VALID,0.8,True,motion_deceleration,1.0,velocity_candidate,3.995999999999995,0.03384367638203266,-0.027507392185643735,0.0063362841963889235,0.0015856567058030358,0.019732010949542064,0.5705765407554672,0.10327911712571665,0.1141374567968066,0.0,0.0,0.0,0.0,0.0,0.0
L08_VALID,0.8,True,motion_deceleration,1.0,nominal_candidate,3.995999999999995,0.03871090559534214,-0.023637920895302252,0.015072984700039888,0.00377201819320318,0.01942507503301014,0.6043737574552683,0.24175250038269172,0.11138107282589324,0.0,0.0,0.0,0.0,0.0,0.0
L08_VALID,0.8,True,hover,0.0,velocity_candidate,20.74800000000001,0.017386869464669857,-0.018202130741996878,-0.0008152612773270201,-3.929348743623577e-05,0.0031744305180774197,0.48842592592592593,-0.02290767575916057,0.0368611671027981,6.671137704748789e-06,0.000567037567780968,0.0924023559171503,0.002400928566838555,0.010757255895771098,0.10089562995961952
L08_VALID,0.8,True,hover,0.0,nominal_candidate,20.74800000000001,0.018243849124040274,-0.024745493489893883,-0.006501644365853609,-0.0003133624622061695,0.0036902780576782953,0.5204475308641975,-0.1512385156535571,0.04129051609403157,1.0129448026073349e-05,0.000698722567710381,0.08631162595073179,0.0037323366631863736,0.013412269946432664,0.12883465758329554
L08_VALID,0.8,True,hover,0.25,velocity_candidate,20.74800000000001,0.014320520010051628,-0.02816706595874586,-0.01384654594869423,-0.000667367743815993,0.0035943020636565338,0.39197530864197533,-0.3258962737695433,0.040497595064389706,1.3703123017359057e-05,0.0008126839047512812,0.13011965077266063,0.002912331626279062,0.011847652118580963,0.10541575840457763
L08_VALID,0.8,True,hover,0.25,nominal_candidate,20.74800000000001,0.01283894397570478,-0.0323718730129256,-0.01953292903722082,-0.0009414367185859268,0.004180991936457745,0.4533179012345679,-0.4320410542931123,0.04280070178136782,2.2327094832987127e-05,0.001037356395625704,0.151756376295988,0.003680671703452664,0.013319116619623046,0.12689242228499717
L08_VALID,0.8,True,hover,0.5,velocity_candidate,20.74800000000001,0.012454240720946842,-0.03933207134100829,-0.026877830620061445,-0.0012954420001957505,0.004358426518942968,0.3715277777777778,-0.519014186372373,0.046678028103693626,2.5752468084092584e-05,0.0011140926501879646,0.15634505301567916,0.00472929518013949,0.015097675652526829,0.13539909864754568
L08_VALID,0.8,True,hover,0.5,nominal_candidate,20.74800000000001,0.010790440099293403,-0.043354653807881435,-0.03256421370858803,-0.001569510974965684,0.004957631610757584,0.35185185185185186,-0.6014250111822763,0.04707830670781118,3.954210139402417e-05,0.0013805169810102067,0.19461711568055964,0.004934567238138876,0.01542184791159699,0.15177203851104026
L08_VALID,0.8,True,hover,0.75,velocity_candidate,20.74800000000001,0.011190601693418496,-0.05109971698484715,-0.039909115291428654,-0.0019235162565755075,0.00532049173505235,0.3263888888888889,-0.6406953141075156,0.054544430926815955,4.2819172904949376e-05,0.0014365839744888268,0.17099744222756522,0.007851819228419842,0.019453467623152913,0.17181022859927758
L08_VALID,0.8,True,hover,0.75,nominal_candidate,20.74800000000001,0.009840698367061631,-0.05543619674701687,-0.04559549837995524,-0.0021975852313454412,0.005908502770478858,0.3136574074074074,-0.6984936752931054,0.05346314045960028,6.177446770918447e-05,0.0017255056524287998,0.21635616806715524,0.007494023267245009,0.019005066733897822,0.18976861100612102
L08_VALID,0.8,True,hover,1.0,velocity_candidate,20.74800000000001,0.010659659864796785,-0.06360005982759265,-0.05294039996279586,-0.002551590512955265,0.006391733651366486,0.28896604938271603,-0.712908696425116,0.06347302669986861,6.490323747992944e-05,0.0017686628781957306,0.17909789470570656,0.012279903771120112,0.024328165530746196,0.20485957731480953
L08_VALID,0.8,True,hover,1.0,nominal_candidate,20.74800000000001,0.009577043240448226,-0.06820382629177067,-0.05862678305132245,-0.0028256594877251982,0.006962583929479427,0.25848765432098764,-0.753742962812182,0.06130025570062666,8.902419377846805e-05,0.002071409219991106,0.2258614254391498,0.011359039790771063,0.023398213033938346,0.22746221032055514
L08_VALID,0.8,True,terminal_10s,0.0,velocity_candidate,10.159999999999997,0.004918529408504844,-0.011850283523494083,-0.006931754114989239,-0.0006822592632863427,0.003883014867092014,0.41218354430379744,-0.4133717838644252,0.039645137992518474,4.68406617807225e-06,0.0006789919996855873,0.16394428313972623,0.00016226441928541866,0.003996361771659587,0.010476926846930195
L08_VALID,0.8,True,terminal_10s,0.0,nominal_candidate,10.159999999999997,0.004618910672702245,-0.015324309292401648,-0.010705398619699403,-0.0010536809665058471,0.005681906018739239,0.4675632911392405,-0.5367938897746413,0.04575309936723242,1.8875185698772602e-06,0.00043102132986540584,0.04428292863122438,0.00023364731226273094,0.004795496085185005,0.011581123014831074
L08_VALID,0.8,True,terminal_10s,0.25,velocity_candidate,10.159999999999997,0.0042963600790223416,-0.014970551134878541,-0.0106741910558562,-0.0010506093558913586,0.00445898114203359,0.3805379746835443,-0.554016725221367,0.04476561447749522,6.382175497175999e-06,0.0007925697948088277,0.17861982235822096,0.00035197089034217044,0.005885813806733651,0.019245028960854352
L08_VALID,0.8,True,terminal_10s,0.25,nominal_candidate,10.159999999999997,0.0034517845293899167,-0.017899620089956277,-0.01444783556056636,-0.0014220310591108627,0.0061123012161249605,0.40585443037974683,-0.6766690912444884,0.0460589498524333,1.7492234154530858e-06,0.0004149309087080499,0.03884488642830172,0.0004179733338226352,0.006413977522544665,0.021078008253456508
L08_VALID,0.8,True,terminal_10s,0.5,velocity_candidate,10.159999999999997,0.00392792915819153,-0.018344557154914693,-0.014416627996723164,-0.0014189594484963748,0.005132229507369816,0.3180379746835443,-0.6472841780686026,0.0516468515918642,8.373954089546493e-06,0.0009078590637757455,0.18286496991321635,0.0007461174759330043,0.008569525041810943,0.03301167844882227
L08_VALID,0.8,True,terminal_10s,0.5,nominal_candidate,10.159999999999997,0.0029789421043535476,-0.02116921460578687,-0.018190272501433322,-0.0017903811517158788,0.006639951417883479,0.31962025316455694,-0.7532778886512183,0.048792636616732506,1.9045975342956538e-06,0.0004329669585936371,0.037833859174510896,0.0008067394699166219,0.008910863658115626,0.0384227879758427
L08_VALID,0.8,True,terminal_10s,0.75,velocity_candidate,10.159999999999997,0.004042042561228558,-0.022201107498818682,-0.018159064937590126,-0.001787309541101391,0.00586937859845285,0.2911392405063291,-0.6919544679674571,0.05968289609141617,1.0659401955183726e-05,0.001024282058686195,0.1814091760000138,0.00134470417605792,0.011504467533703908,0.04730563263390817
L08_VALID,0.8,True,terminal_10s,0.75,nominal_candidate,10.159999999999997,0.00286174754801873,-0.024794456990319014,-0.021932709442300285,-0.002158731244320895,0.007243634587098914,0.2634493670886076,-0.7930484246996582,0.05358385653551324,2.3536409264049625e-06,0.0004813081876475316,0.04019581627683766,0.0013999457205446904,0.011738395679328478,0.05913308928117097
L08_VALID,0.8,True,terminal_10s,1.0,velocity_candidate,10.159999999999997,0.004259375715468128,-0.02616087759392521,-0.02190150187845708,-0.0021556596337064062,0.006649209657695262,0.28322784810126583,-0.7199644807590807,0.06846833325755736,1.3238519094087695e-05,0.0011414919394561126,0.17739377315497978,0.0021477309907169187,0.014539286280385427,0.060056744325825966
L08_VALID,0.8,True,terminal_10s,1.0,nominal_candidate,10.159999999999997,0.00289923059358894,-0.02857437697675619,-0.025675146383167247,-0.002527081336925911,0.007905952678541099,0.25158227848101267,-0.8157675069749147,0.059941235732397465,3.0963535917810135e-06,0.0005520500084136128,0.044442595775219834,0.002197592085706842,0.014707087870566467,0.07886805689807241
L08_VERTICAL_INVALID,0.8,False,route,0.0,velocity_candidate,55.539999999999985,0.12363772142361655,-0.06448413260366379,0.059153588819952765,0.0010650628163477273,0.0073244658413729605,0.5553110328638498,0.31444293979462196,0.05067921728437712,3.614300411236537e-05,0.0008066946670101371,0.061600898821702485,0.004179507024727442,0.008674802421973129,0.059117708119790224
L08_VERTICAL_INVALID,0.8,False,route,0.0,nominal_candidate,55.539999999999985,0.13195726678339387,-0.08039875449696225,0.051558512286431615,0.0009283131488374438,0.008119764925531276,0.5369718309859155,0.24279279662319142,0.05771716920878132,0.00013834450258958116,0.0015782580581742503,0.1835441759535977,0.00513671561076363,0.009617004590379842,0.05123354432751134
L08_VERTICAL_INVALID,0.8,False,route,0.25,velocity_candidate,55.539999999999985,0.10982875167486905,-0.09584287601701673,0.013985875657852323,0.00025181627039705303,0.007961248128222659,0.46845657276995306,0.06800099661196048,0.05451649401011192,4.0910263472573e-05,0.0008582487914252775,0.05586219585066334,0.00709121210263865,0.011299449878928369,0.08467255300838307
L08_VERTICAL_INVALID,0.8,False,route,0.25,nominal_candidate,55.539999999999985,0.11604889936076265,-0.1096581002364315,0.006390799124331159,0.0001150666028867692,0.008653669855082965,0.48034037558685444,0.02831458100872564,0.058831295858916624,0.00016512209883269002,0.0017242477279822955,0.18373838891459987,0.006743864139095953,0.01101923559502177,0.06734969220700603
L08_VERTICAL_INVALID,0.8,False,route,0.5,velocity_candidate,55.539999999999985,0.10564332851947783,-0.136825166023726,-0.03118183750424816,-0.000561430275553622,0.009019897835315172,0.4083039906103286,-0.12860160476928303,0.06159861016534999,5.1997382873669974e-05,0.0009675820543680011,0.052221941726436946,0.01507645854596605,0.016475808340118487,0.13535965053660154
L08_VERTICAL_INVALID,0.8,False,route,0.5,nominal_candidate,55.539999999999985,0.10911561513559642,-0.14789252917336568,-0.038776914037769256,-0.0006981799430639047,0.00959608434614663,0.43720657276995306,-0.15087815268279445,0.06332177132672773,0.00019821955511668813,0.0018891668265306684,0.1706781323035174,0.013424554032844472,0.015547014224395717,0.11715819468888285
L08_VERTICAL_INVALID,0.8,False,route,0.75,velocity_candidate,55.539999999999985,0.1063352028729415,-0.1826847535392901,-0.07634955066634859,-0.0013746768215042963,0.010372032368953683,0.39069835680751175,-0.2641670548086672,0.07096058786398038,6.940436231565632e-05,0.0011178677997145964,0.05040988739279126,0.028135246354709643,0.022507249404180456,0.18317893449580128
L08_VERTICAL_INVALID,0.8,False,route,0.75,nominal_candidate,55.539999999999985,0.10812587209901856,-0.19207049929888834,-0.08394462719986978,-0.0015114264890145805,0.010840990771080578,0.41446596244131456,-0.27963238465864776,0.07054677651048379,0.00023763687144157558,0.0020684926181225556,0.15413028248190425,0.02517878529200918,0.021291901556138443,0.17531638224953858
L08_VERTICAL_INVALID,0.8,False,route,1.0,velocity_candidate,55.539999999999985,0.10895154056054636,-0.23046880438899542,-0.12151726382844906,-0.002187923367454971,0.011918178017986964,0.363556338028169,-0.35801408382433236,0.0818235717030938,9.3131201798532e-05,0.0012949251503829103,0.04965290521810981,0.04626757552886944,0.02886259886793643,0.2199139834288324
L08_VERTICAL_INVALID,0.8,False,route,1.0,nominal_candidate,55.539999999999985,0.1098441084747501,-0.2389564488367203,-0.1291123403619702,-0.0023246730349652544,0.012296858961606951,0.383362676056338,-0.37016093482521595,0.07976668620819487,0.00028337404780735245,0.002258796463991998,0.13891136071871596,0.04200655791659009,0.027501451140744898,0.22435218333626208
L08_VERTICAL_INVALID,0.8,False,motion,0.0,velocity_candidate,24.63199999999999,0.10184655995718846,-0.03139155248964591,0.07045500746754255,0.0028603039731870156,0.01009907050794192,0.6103596172880238,0.5287901950401467,0.060624267147076465,3.264050572217823e-05,0.0011511412097810648,0.06430589156772211,0.0019082563548535893,0.00880173969998252,0.04819889513269826
L08_VERTICAL_INVALID,0.8,False,motion,0.0,nominal_candidate,24.63199999999999,0.10752680378328518,-0.040437573037134335,0.06708923074615084,0.002723661527531295,0.010959245749898509,0.5460244143846915,0.4534147487916992,0.06775890147376865,0.00010587372253934087,0.0020732145765818243,0.17992555701804425,0.001191958951963447,0.006956340181598914,0.022732197984243384
L08_VERTICAL_INVALID,0.8,False,motion,0.25,velocity_candidate,24.63199999999999,0.09338410077944645,-0.05109767542273655,0.0422864253567099,0.0017167272392298602,0.010788874916329683,0.4797096667766414,0.2926765331119385,0.06505724333796563,3.743941317124826e-05,0.0012328626013068985,0.05876477216033698,0.004142581841282837,0.012968379488863768,0.08256064458021113
L08_VERTICAL_INVALID,0.8,False,motion,0.25,nominal_candidate,24.63199999999999,0.09692834079130529,-0.05800769215598711,0.038920648635318175,0.001580084793574139,0.011448020129810334,0.4760805014846585,0.2512046287422279,0.06888913835445228,0.00012902331032528858,0.002288675666724605,0.17920855616245415,0.002950040995192833,0.010943700212543653,0.05285603254858378
L08_VERTICAL_INVALID,0.8,False,motion,0.5,velocity_candidate,24.63199999999999,0.0921891907970841,-0.07807134755120686,0.01411784324587724,0.000573150505272704,0.012067425642548691,0.4117452985813263,0.0829190567751952,0.07383584140920936,4.690939266123637e-05,0.0013800031163214866,0.05399698097189649,0.009918990140639688,0.020067066567639184,0.13952416772415888
L08_VERTICAL_INVALID,0.8,False,motion,0.5,nominal_candidate,24.63199999999999,0.09367094021148133,-0.0829188736869958,0.010752066524485529,0.00043650805961698334,0.012522923189927544,0.4259320356318047,0.06088724081597922,0.07458083842222017,0.0001568439701521544,0.0025233882445779296,0.1644751340029776,0.008250205851349824,0.018301325886499974,0.1186720169114814
L08_VERTICAL_INVALID,0.8,False,motion,0.75,velocity_candidate,24.63199999999999,0.09404384105025913,-0.10809457991521455,-0.01405073886495542,-0.0005704262286844521,0.01377171173671174,0.3817222038931046,-0.06951048097558535,0.08563388035545288,6.105044419214259e-05,0.001574325667364799,0.05077020276720041,0.019237481252924148,0.027946296783919113,0.18798118974942274
L08_VERTICAL_INVALID,0.8,False,motion,0.75,nominal_candidate,24.63199999999999,0.09485850543141133,-0.11227502101775846,-0.01741651558634713,-0.0007070686743401728,0.01405006720238433,0.38271197624546355,-0.08408351793605519,0.08391086317372275,0.00018933570201993822,0.0027724672147388238,0.14684537840465067,0.01709245352043442,0.026342219597210594,0.18269020303343933
L08_VERTICAL_INVALID,0.8,False,motion,1.0,velocity_candidate,24.63199999999999,0.09705690952109619,-0.13927623049688426,-0.042219320975788066,-0.0017140029626416078,0.015764252900855605,0.3635763774331904,-0.17864325321694613,0.09938176329243505,7.986256776396688e-05,0.0018006188689728394,0.04874601282000276,0.03209805517813621,0.03609853039227025,0.22303734882571863
L08_VERTICAL_INVALID,0.8,False,motion,1.0,nominal_candidate,24.63199999999999,0.09794500660233854,-0.14353010429951835,-0.045585097697179805,-0.0018506454082973295,0.015899670260876946,0.3510392609699769,-0.18877762402480905,0.0958222723567574,0.0002264985059286403,0.0030323744787278547,0.1311350580267203,0.02947678400244661,0.03459315809019759,0.23041544522183455
L08_VERTICAL_INVALID,0.8,False,motion_acceleration,0.0,velocity_candidate,3.9839999999999947,0.027741187757470562,-0.0020564771122219515,0.02568471064524861,0.006446965523405785,0.011736034121184484,0.75,0.8619705858687193,0.06410792424465067,0.0,0.0,0.0,0.0,0.0,0.0
L08_VERTICAL_INVALID,0.8,False,motion_acceleration,0.0,nominal_candidate,3.9839999999999947,0.03171144653342242,-0.0028513585610625337,0.028860087972359887,0.007243997985030102,0.013794910754879278,0.6431451612903226,0.8350042160485687,0.07348877355653445,0.0,0.0,0.0,0.0,0.0,0.0
L08_VERTICAL_INVALID,0.8,False,motion_acceleration,0.25,velocity_candidate,3.9839999999999947,0.027552672780578893,-0.003006052194977909,0.024546620585600983,0.0061613003477914196,0.012136218499106862,0.6895161290322581,0.8032606270462933,0.0666313715781796,0.0,0.0,0.0,0.0,0.0,0.0
L08_VERTICAL_INVALID,0.8,False,motion_acceleration,0.25,nominal_candidate,3.9839999999999947,0.03141240985542733,-0.0036904119427150772,0.02772199791271225,0.006958332809415735,0.014044146826663963,0.6270161290322581,0.789737020918907,0.07502372486541686,0.0,0.0,0.0,0.0,0.0,0.0
L08_VERTICAL_INVALID,0.8,False,motion_acceleration,0.5,velocity_candidate,3.9839999999999947,0.028140921430526267,-0.004732390904572911,0.023408530525953354,0.0058756351721770544,0.012859482493230922,0.6491935483870968,0.7120831112890265,0.07321214504627846,0.0,0.0,0.0,0.0,0.0,0.0
L08_VERTICAL_INVALID,0.8,False,motion_acceleration,0.5,nominal_candidate,3.9839999999999947,0.03197588312383488,-0.005391975270770247,0.026583907853064637,0.0066726676338013735,0.014584297906100888,0.6108870967741935,0.7114110627464433,0.08029248733833226,0.0,0.0,0.0,0.0,0.0,0.0
L08_VERTICAL_INVALID,0.8,False,motion_acceleration,0.75,velocity_candidate,3.9839999999999947,0.029231858022895817,-0.006961417556590089,0.022270440466305726,0.005589969996562689,0.01385532274977935,0.6088709677419355,0.6153198380013014,0.0828894532653069,0.0,0.0,0.0,0.0,0.0,0.0
L08_VERTICAL_INVALID,0.8,False,motion_acceleration,0.75,nominal_candidate,3.9839999999999947,0.0332278869771213,-0.007782069183704301,0.025445817793416998,0.006387002458187006,0.015384752799772042,0.5786290322580645,0.620479029375893,0.08863166775891691,0.0,0.0,0.0,0.0,0.0,0.0
L08_VERTICAL_INVALID,0.8,False,motion_acceleration,1.0,velocity_candidate,3.9839999999999947,0.03069053992086774,-0.009558189514209647,0.02113235040665809,0.005304304820948323,0.015069798770341479,0.5745967741935484,0.5250439132680029,0.0947188973722878,0.0,0.0,0.0,0.0,0.0,0.0
L08_VERTICAL_INVALID,0.8,False,motion_acceleration,1.0,nominal_candidate,3.9839999999999947,0.03483870184680737,-0.010530974113037992,0.024307727733769373,0.006101337282572642,0.016407458059598395,0.5604838709677419,0.535770362461549,0.09927047049820066,0.0,0.0,0.0,0.0,0.0,0.0
L08_VERTICAL_INVALID,0.8,False,motion_cruise,0.0,velocity_candidate,16.631999999999998,0.025078680427460927,-0.026001920865931165,-0.0009232404384702381,-5.550988687290994e-05,0.005529467875010862,0.542953667953668,-0.018074188930694336,0.04912976296607972,3.796061787205851e-05,0.0015107562450448286,0.28512007320514643,0.0007812958979410856,0.006853864810394981,0.04799383334315532
L08_VERTICAL_INVALID,0.8,False,motion_cruise,0.0,nominal_candidate,16.631999999999998,0.023336949408325234,-0.03547015702390019,-0.012133207615574956,-0.0007295098373962817,0.006893940040587382,0.45415057915057916,-0.2063221326755526,0.05788299070333751,2.5676549179574547e-05,0.0012424991200101444,0.2004810881602224,0.0009237048826549864,0.007452369529716215,0.03283216829200916
L08_VERTICAL_INVALID,0.8,False,motion_cruise,0.25,velocity_candidate,16.631999999999998,0.01801734765704432,-0.039734812558144345,-0.021717464901100023,-0.001305763882942522,0.006628608699467797,0.39285714285714285,-0.3760459317916282,0.054424160042927786,3.838503091125047e-05,0.0015191781631662647,0.21460478972938649,0.0019776637795718786,0.010904455678937526,0.10438283333429321
L08_VERTICAL_INVALID,0.8,False,motion_cruise,0.25,nominal_candidate,16.631999999999998,0.018493653435663813,-0.05142108551386855,-0.03292743207820474,-0.001979763833465894,0.008147534301316485,0.3716216216216216,-0.47096552991456153,0.060785711181429905,3.161936030245578e-05,0.001378809609518694,0.18983855048596826,0.0016184532981961797,0.00986456293322959,0.0587448442637801
L08_VERTICAL_INVALID,0.8,False,motion_cruise,0.5,velocity_candidate,16.631999999999998,0.014997024882722924,-0.05750871424645273,-0.0425116893637298,-0.0025560178790121338,0.008190619217075683,0.31515444015444016,-0.5863217156919304,0.0630924331157546,4.083323907373729e-05,0.0015668761771146465,0.1563135588881607,0.0052785474841021505,0.017814965193752884,0.19550789381467387
L08_VERTICAL_INVALID,0.8,False,motion_cruise,0.5,nominal_candidate,16.631999999999998,0.015720072023208225,-0.06944172856404275,-0.05372165654083452,-0.0032300178295355058,0.00974795222893659,0.32722007722007723,-0.6308187024039608,0.06715485900301243,3.958596654863186e-05,0.0015427600652224277,0.16379383386199267,0.00441771753663685,0.016297715560955873,0.13654861685558867
L08_VERTICAL_INVALID,0.8,False,motion_cruise,0.75,velocity_candidate,16.631999999999998,0.013704646035715605,-0.0770105598620752,-0.06330591382635958,-0.0038062718750817453,0.010000919187064014,0.2828185328185328,-0.6978533885232715,0.07395763225906049,4.5305242359518956e-05,0.0016504485514085248,0.11915313515731248,0.0106839470115319,0.025345077558400014,0.26420704535425465
L08_VERTICAL_INVALID,0.8,False,motion_cruise,0.75,nominal_candidate,16.631999999999998,0.014075700638258647,-0.08859158164172297,-0.07451588100346432,-0.004480271825605118,0.0115519341100405,0.2924710424710425,-0.7257996836835882,0.07612527717131448,4.9576367918102825e-05,0.0017264941650228752,0.14026733030673905,0.009321497597977001,0.0236739435568722,0.2191200874036052
L08_VERTICAL_INVALID,0.8,False,motion_cruise,1.0,velocity_candidate,16.631999999999998,0.013007480299312948,-0.09710761858830233,-0.08410013828898938,-0.005056525871151359,0.011947170274664505,0.2644787644787645,-0.7637475617655571,0.08619291128091447,5.1801040768595505e-05,0.0017648061340420642,0.09666799235607003,0.018193862361861126,0.0330742659542728,0.30700648190303675
L08_VERTICAL_INVALID,0.8,False,motion_cruise,1.0,nominal_candidate,16.631999999999998,0.013315587712218397,-0.1086256931783125,-0.0953101054660941,-0.00573052582167473,0.013477987322534139,0.25096525096525096,-0.7816065631757294,0.08689505678643142,6.159056441086864e-05,0.0019243534987989773,0.12272941904703265,0.01632979348221663,0.031334163702707786,0.28099488414953167
L08_VERTICAL_INVALID,0.8,False,motion_deceleration,0.0,velocity_candidate,3.9919999999999973,0.04871511763978853,-0.003333154511492794,0.04538196312829573,0.011368227236547035,0.019051535462655245,0.7628205128205128,0.87192064697922,0.09211645416733649,0.0,0.0,0.0,0.0,0.0,0.0
L08_VERTICAL_INVALID,0.8,False,motion_deceleration,0.0,nominal_candidate,3.9919999999999973,0.052066728693069025,-0.002099614668555619,0.049967114024513405,0.012516812130389137,0.01872150357056331,0.8547008547008547,0.9224753033617868,0.09445449640560132,0.0,0.0,0.0,0.0,0.0,0.0
L08_VERTICAL_INVALID,0.8,False,motion_deceleration,0.25,velocity_candidate,3.9919999999999973,0.04753193575085206,-0.008356810669614299,0.03917512508123776,0.00981340808648241,0.01967027332114906,0.6452991452991453,0.7009483588433448,0.09650719514023112,0.0,0.0,0.0,0.0,0.0,0.0
L08_VERTICAL_INVALID,0.8,False,motion_deceleration,0.25,nominal_candidate,3.9919999999999973,0.04664096765417175,-0.002880691676716315,0.04376027597745544,0.010961992980324516,0.01824741239660387,0.7841880341880342,0.883659323389451,0.09065774961949498,0.0,0.0,0.0,0.0,0.0,0.0
L08_VERTICAL_INVALID,0.8,False,motion_deceleration,0.5,velocity_candidate,3.9919999999999973,0.048798529434360985,-0.01583024240018122,0.03296828703417977,0.008258588936417783,0.021283296083821276,0.5897435897435898,0.5101178019997461,0.10806265193035332,0.0,0.0,0.0,0.0,0.0,0.0
L08_VERTICAL_INVALID,0.8,False,motion_deceleration,0.5,nominal_candidate,3.9919999999999973,0.04562404452082191,-0.008070606590424464,0.03755343793039745,0.009407173830259888,0.01890877608466095,0.6709401709401709,0.6993888060207893,0.09514044189418469,0.0,0.0,0.0,0.0,0.0,0.0
L08_VERTICAL_INVALID,0.8,False,motion_deceleration,0.75,velocity_candidate,3.9919999999999973,0.05088405148367105,-0.024122602496549263,0.026761448987121784,0.006703769786353157,0.023688354152905843,0.5811965811965812,0.35678766572068304,0.12480839400265169,0.0,0.0,0.0,0.0,0.0,0.0
L08_VERTICAL_INVALID,0.8,False,motion_deceleration,0.75,nominal_candidate,3.9919999999999973,0.04723434657484116,-0.015887746691501684,0.031346599883339474,0.007852354680195264,0.020596503525767543,0.5790598290598291,0.4966026673271577,0.10686571126645265,0.0,0.0,0.0,0.0,0.0,0.0
L08_VERTICAL_INVALID,0.8,False,motion_deceleration,1.0,velocity_candidate,3.9919999999999973,0.053165033334436076,-0.03261042239437227,0.020554610940063806,0.005148950636288532,0.026672044229387,0.5811965811965812,0.23963278032646326,0.14495666292977358,0.0,0.0,0.0,0.0,0.0,0.0
L08_VERTICAL_INVALID,0.8,False,motion_deceleration,1.0,nominal_candidate,3.9919999999999973,0.04950051510454863,-0.024360753268267154,0.025139761836281475,0.006297535530130634,0.023086586854125044,0.5747863247863247,0.34036461043950905,0.12379239576025386,0.0,0.0,0.0,0.0,0.0,0.0
L08_VERTICAL_INVALID,0.8,False,hover,0.0,velocity_candidate,20.723999999999997,0.01608809599162339,-0.02158153210108888,-0.00549343610946549,-0.0002650760523772192,0.003918593280241557,0.5049741345005969,-0.14583197094341033,0.04247568819318079,2.416948019479686e-06,0.0003415048401591652,0.03658980426822681,0.002084279720612801,0.010028620788837702,0.10506790960669138
L08_VERTICAL_INVALID,0.8,False,hover,0.0,nominal_candidate,20.723999999999997,0.017829562706151873,-0.025302499552987863,-0.00747293684683599,-0.00036059336261513175,0.004511711948603197,0.5555113410266613,-0.17325711907624972,0.049783425619484956,3.154241836777561e-05,0.0012337032308584249,0.21791771436391594,0.0036489784717673134,0.013269325841516147,0.11754482129314536
L08_VERTICAL_INVALID,0.8,False,hover,0.25,velocity_candidate,20.723999999999997,0.012246446737596742,-0.030107042909225046,-0.017860596171628305,-0.0008618315079921013,0.004667259609228139,0.44090728213290886,-0.4217030596667391,0.04606597798240251,2.5190918712071944e-06,0.000348646421071049,0.03205763897680708,0.0025064627333718894,0.010997496542191626,0.12007961230345171
L08_VERTICAL_INVALID,0.8,False,hover,0.25,nominal_candidate,20.723999999999997,0.014218930668693215,-0.034059027577692025,-0.01984009690899881,-0.000957348818230014,0.00532248184070745,0.49940310385992837,-0.4109555919441625,0.05146039587440084,3.4930261948893646e-05,0.001298267332795767,0.22633297419018103,0.0032785504074251356,0.01257778424851751,0.11558644272881279
L08_VERTICAL_INVALID,0.8,False,hover,0.5,velocity_candidate,20.723999999999997,0.010361253374770849,-0.040589009608561974,-0.030227756233791127,-0.0014585869636069837,0.0056246609959234905,0.39753282928770395,-0.5932796901103224,0.05176739731115939,4.181463075742917e-06,0.0004491871680436736,0.040365817408750296,0.004240613194165038,0.014304659953292161,0.17016746546197836
L08_VERTICAL_INVALID,0.8,False,hover,0.5,nominal_candidate,20.723999999999997,0.011768459001645819,-0.04397571597280745,-0.032207256971161634,-0.0015541042738448968,0.006302986694996651,0.4671707122960605,-0.5777690132811499,0.055297866844885406,3.98783328828199e-05,0.0013871764440454876,0.22606476395109948,0.004220089791117019,0.014270002656999643,0.14705841977561662
L08_VERTICAL_INVALID,0.8,False,hover,0.75,velocity_candidate,20.723999999999997,0.009530526226878737,-0.052125442522832674,-0.04259491629595394,-0.002055342419221866,0.006701930354259597,0.39753282928770395,-0.690848220532636,0.05897076714926674,7.404061633086853e-06,0.000597720595998222,0.05248032625499598,0.007286731102992246,0.01875122218623946,0.22786605463766996
L08_VERTICAL_INVALID,0.8,False,hover,0.75,nominal_candidate,20.723999999999997,0.010053532033641063,-0.0546279490669655,-0.04457441703332443,-0.002150859729459778,0.007385934585758362,0.4687624353362515,-0.6891372348755079,0.06088870723331763,4.6386631169554365e-05,0.0014960965611753349,0.2198861663899933,0.006473596622842961,0.017674047809539645,0.2020479993370381
L08_VERTICAL_INVALID,0.8,False,hover,1.0,velocity_candidate,20.723999999999997,0.009235142839746389,-0.06419721919786314,-0.05496207635811676,-0.002652097874836748,0.007849871955820797,0.3816155988857939,-0.7484721290861797,0.0671947779881741,1.218688754323901e-05,0.0007668485663817691,0.06378555679338226,0.011644816459853515,0.023704430840893694,0.27694737172013434
L08_VERTICAL_INVALID,0.8,False,hover,1.0,nominal_candidate,20.723999999999997,0.008990396335454565,-0.06593197343094183,-0.056941577095487264,-0.002747615185074661,0.008532407528244934,0.43215280541185835,-0.7600076889322614,0.06780054657891793,5.4455156809097025e-05,0.001620998879624095,0.21106896530553157,0.010039070902602967,0.02200948947685076,0.2614742770914886
L08_VERTICAL_INVALID,0.8,False,terminal_10s,0.0,velocity_candidate,10.183999999999997,0.005703065474804713,-0.011511048012929005,-0.005807982538124291,-0.0005703046482840036,0.003826641411327641,0.5235849056603774,-0.33739655209447134,0.038028872378817934,1.0855503707074572e-06,0.0003264869258577358,0.08292087469727948,0.00018697094926105174,0.004284773517782392,0.01659115565446366
L08_VERTICAL_INVALID,0.8,False,terminal_10s,0.0,nominal_candidate,10.183999999999997,0.006600900293956831,-0.014658681906840056,-0.008057781612883225,-0.0007912197184685023,0.005257585514014486,0.47877358490566035,-0.37901881310636437,0.044936622061910306,9.28361682464711e-07,0.0003019252316211167,0.0451445435893506,0.00029577818703287043,0.005389194724571294,0.01762402998952058
L08_VERTICAL_INVALID,0.8,False,terminal_10s,0.25,velocity_candidate,10.183999999999997,0.00419820415782586,-0.014638157685055138,-0.01043995352722928,-0.001025132907229898,0.004449343531983829,0.4960691823899371,-0.5542446898350994,0.040659456363714125,9.517584301175473e-07,0.000305706146565092,0.05714185162171001,0.0004421675279839222,0.006589223330482217,0.03481886194350639
L08_VERTICAL_INVALID,0.8,False,terminal_10s,0.25,nominal_candidate,10.183999999999997,0.004901627900764153,-0.01759138050275236,-0.012689752601988208,-0.0012460479774143963,0.005810929646666151,0.4528301886792453,-0.5641643116091273,0.04481517569654914,1.1685265585077674e-06,0.00033873502009120767,0.047915216194146786,0.0005152727364779853,0.007113107738294243,0.03229573573709882
L08_VERTICAL_INVALID,0.8,False,terminal_10s,0.5,velocity_candidate,10.183999999999997,0.003092884347622891,-0.018164808863957153,-0.015071924516334262,-0.001479961166175792,0.005206206556817684,0.42138364779874216,-0.7090103505738755,0.045318777058082016,9.06527136690689e-07,0.0002983535496721838,0.03879073966237846,0.0009168552111613221,0.009488360645637645,0.059656321274442384
L08_VERTICAL_INVALID,0.8,False,terminal_10s,0.5,nominal_candidate,10.183999999999997,0.0036762159224692703,-0.020997939513562464,-0.017321723591093192,-0.0017008762363602903,0.006484293080341032,0.404874213836478,-0.702018905408946,0.04680922823492384,1.4972520817138766e-06,0.00038343192283062306,0.047744766869460734,0.0009542583903776297,0.009679965250776886,0.058303494705726176
L08_VERTICAL_INVALID,0.8,False,terminal_10s,0.75,velocity_candidate,10.183999999999997,0.0027608355958036158,-0.022464731101242863,-0.01970389550543925,-0.0019347894251216862,0.006047063008669822,0.39858490566037735,-0.7811081408825701,0.05145867877381353,9.498564904268834e-07,0.00030540054096052144,0.0285823787238333,0.001611033998793252,0.012577466160830312,0.08356448021048175
L08_VERTICAL_INVALID,0.8,False,terminal_10s,0.75,nominal_candidate,10.183999999999997,0.003213834633966163,-0.02516752921416434,-0.021953694580198177,-0.0021557044953061846,0.007244285031453412,0.3828616352201258,-0.7735250038607387,0.05066963220751489,1.914538252083037e-06,0.0004335835816975302,0.04615505965956129,0.001612735148731803,0.012584104912879054,0.08949964403666101
L08_VERTICAL_INVALID,0.8,False,terminal_10s,1.0,velocity_candidate,10.183999999999997,0.0026594881997037776,-0.02699535469424801,-0.02433586649454423,-0.00238961768406758,0.006941455958321767,0.3278301886792453,-0.8206371748982564,0.058615728205934026,1.081746491326129e-06,0.0003259144021037395,0.02339227413555392,0.0025247038908797117,0.015745121973310024,0.1033485574713078
L08_VERTICAL_INVALID,0.8,False,terminal_10s,1.0,nominal_candidate,10.183999999999997,0.002908705536956987,-0.029494371106260145,-0.026585665569303158,-0.0026105327542520784,0.008066457088093117,0.3639937106918239,-0.8204673235826289,0.05601181404846202,2.4203850696152497e-06,0.0004875094485775643,0.04420747021327216,0.0024907030115405063,0.01563874065591209,0.11910436640079262
