mode,attempt,window,direction,component,positive_integral,negative_integral,net_integral,mean_power,acceleration_band_055_075_energy,note
STD_L06_FULL_W05,1,route,all,position,0.03711081140522414,-0.05137471830422548,-0.014263906899001338,-0.00025198937831168074,9.214700336945876e-06,
STD_L06_FULL_W05,1,route,all,tracking,0.09335582669125578,-0.16482238890064943,-0.07146656220939365,-0.0012705950156993375,0.0008993050245790796,
STD_L06_FULL_W05,1,route,all,observer_error,0.07661490855756234,-0.013017548378445758,0.06359736017911657,0.0011314556553352552,0.0001851086106716767,
STD_L06_FULL_W05,1,route,all,velocity_total,0.09249906657543422,-0.10036826948200514,-0.00786920290657091,-0.0001391393754764773,0.0004461170137388398,
STD_L06_FULL_W05,1,route,all,nominal,0.09513654351107675,-0.1172696536025237,-0.02213311009144694,-0.0003911287586935491,0.0004230846106689358,
STD_L06_FULL_W05,1,route,all,z3,0.047999170009556336,-0.04627219440758199,0.0017269756019743449,3.192406014995564e-05,3.314366000149965e-05,
STD_L06_FULL_W05,1,route,all,as,0.0,-0.3220770667090818,-0.3220770667090818,-0.005727596040868832,0.0021456712512309007,
STD_L06_FULL_W05,1,route,all,pas,6.561970629263955e-06,-0.04720650316208587,-0.0471999411914566,-0.0008403366420851663,6.418406994680724e-05,
STD_L06_FULL_W05,1,route,all,final,0.27429492529078936,-0.43079783077277567,-0.15650290548198625,-0.00277222274950047,0.00102074365090438,
STD_L06_FULL_W05,1,north_move,north,position,0.007321168036567776,-0.00797311162135702,-0.0006519435847892438,-0.00010742482222552895,0.0,
STD_L06_FULL_W05,1,north_move,north,tracking,0.010937629190477343,-0.017350155268710372,-0.006412526078233028,-0.0010312373410567973,0.0,
STD_L06_FULL_W05,1,north_move,north,observer_error,0.00805196723213886,-0.0011328743536914757,0.006919092878447385,0.0011147206933430254,0.0,
STD_L06_FULL_W05,1,north_move,north,velocity_total,0.013355070260885003,-0.0128485040838787,0.0005065661770063045,8.348325110333523e-05,0.0,
STD_L06_FULL_W05,1,north_move,north,nominal,0.016509581476653767,-0.016654958823335713,-0.00014537734668194566,-2.394156104297148e-05,0.0,
STD_L06_FULL_W05,1,north_move,north,z3,0.007135700079546958,-0.006956642808319877,0.0001790572712270812,3.0833623046012414e-05,0.0,
STD_L06_FULL_W05,1,north_move,north,as,0.0,-0.051375945852918325,-0.051375945852918325,-0.008270156450705802,0.0,
STD_L06_FULL_W05,1,north_move,north,pas,1.9272684876343513e-06,-0.011058308576029963,-0.011056381307542329,-0.0017764249082142143,0.0,
STD_L06_FULL_W05,1,north_move,north,final,0.06611530791241321,-0.07053338919267142,-0.0044180812802581924,-0.000691013640760262,0.0,
STD_L06_FULL_W05,1,north_accel,north,position,0.0023728376644285266,-0.0008209642674773942,0.0015518733969511322,0.0015445798554494451,,
STD_L06_FULL_W05,1,north_accel,north,tracking,0.0027166015268885787,-0.0013878348240687248,0.0013287667028198554,0.0013312321165618154,,
STD_L06_FULL_W05,1,north_accel,north,observer_error,0.0012622358134540292,-0.0004724208440893562,0.000789814969364673,0.0007841438380291081,,
STD_L06_FULL_W05,1,north_accel,north,velocity_total,0.0030386915669660284,-0.000920109915197837,0.002118581651768191,0.002115375943547059,,
STD_L06_FULL_W05,1,north_accel,north,nominal,0.005064930656153646,-0.001394475513458054,0.003670455142695592,0.0036599558898016103,,
STD_L06_FULL_W05,1,north_accel,north,z3,0.003304345975397162,-0.0007399436056148242,0.002564402369782338,0.0025512340783727327,,
STD_L06_FULL_W05,1,north_accel,north,as,0.0,-0.012693114600168443,-0.012693114600168443,-0.012599528435551685,,
STD_L06_FULL_W05,1,north_accel,north,pas,0.0,-0.0049421452134847796,-0.0049421452134847796,-0.0049179012735655146,,
STD_L06_FULL_W05,1,north_accel,north,final,0.030506460849195803,-0.016601637721993114,0.013904823127202693,0.013835908967949864,,
STD_L06_FULL_W05,1,north_cruise,north,position,0.0016751804971902352,-0.005746998459746449,-0.004071817962556215,-0.0009558315563758426,,
STD_L06_FULL_W05,1,north_cruise,north,tracking,0.0046882455578015625,-0.012707343414573184,-0.008019097856771623,-0.0018938770337359574,,
STD_L06_FULL_W05,1,north_cruise,north,observer_error,0.0046601068402233065,-0.000584751853174565,0.004075354987048741,0.000965468695460738,,
STD_L06_FULL_W05,1,north_cruise,north,velocity_total,0.005621940498480851,-0.009565683847649775,-0.003943743349168926,-0.000928408447564805,,
STD_L06_FULL_W05,1,north_cruise,north,nominal,0.004093136705501831,-0.012108698061569159,-0.008015561356067328,-0.0018842400149715482,,
STD_L06_FULL_W05,1,north_cruise,north,z3,0.003047180668661892,-0.006216699202705053,-0.0031695185340431613,-0.000742506458244636,,
STD_L06_FULL_W05,1,north_cruise,north,as,0.0,-0.020456170146294646,-0.020456170146294646,-0.004835677763468836,,
STD_L06_FULL_W05,1,north_cruise,north,pas,4.366059147287843e-07,-0.0002138697204936665,-0.00021343311457893772,-5.402166966710016e-05,,
STD_L06_FULL_W05,1,north_cruise,north,final,0.003361311966503106,-0.03690578983131853,-0.033544477864815424,-0.007935345619797973,,
STD_L06_FULL_W05,1,north_decel,north,position,0.003273149874949014,-0.0013994956601673149,0.0018736542147816991,0.0018471358231152172,,
STD_L06_FULL_W05,1,north_decel,north,tracking,0.003532782105787201,-0.0032249020238814888,0.0003078800819057124,0.00028277418574185914,,
STD_L06_FULL_W05,1,north_decel,north,observer_error,0.002129624578461526,-7.440843275617174e-05,0.0020552161457053544,0.0020816546937075762,,
STD_L06_FULL_W05,1,north_decel,north,velocity_total,0.004694438195438126,-0.0023313420998747757,0.0023630960955633496,0.0023644287406158026,,
STD_L06_FULL_W05,1,north_decel,north,nominal,0.00735151411499829,-0.0031147637957474696,0.004236750319250822,0.004211564577065386,,
STD_L06_FULL_W05,1,north_decel,north,z3,0.0007748789921897698,0.0,0.0007748789921897698,0.000786124646428136,,
STD_L06_FULL_W05,1,north_decel,north,as,0.0,-0.01820296492043427,-0.01820296492043427,-0.01847070824970292,,
STD_L06_FULL_W05,1,north_decel,north,pas,1.4906625729055669e-06,-0.005902293642051518,-0.005900802979478613,-0.00594839010028086,,
STD_L06_FULL_W05,1,north_decel,north,final,0.03224753509671431,-0.016725458474829872,0.015522076621884442,0.015550139172597894,,
STD_L06_FULL_W05,1,east_move,east,position,0.005826322625252021,-0.006085530432356392,-0.0002592078071043699,-3.280420712920825e-05,0.0,
STD_L06_FULL_W05,1,east_move,east,tracking,0.02055076281651036,-0.02370941944797221,-0.0031586566314618456,-0.000512366734323486,0.0,
STD_L06_FULL_W05,1,east_move,east,observer_error,0.01219201449437786,-0.0016377402085436122,0.01055427428583425,0.0016996188337901964,0.0,
STD_L06_FULL_W05,1,east_move,east,velocity_total,0.021806906752353653,-0.01441128887945514,0.007395617872898515,0.0011872521396842372,0.0,
STD_L06_FULL_W05,1,east_move,east,nominal,0.024418492793294472,-0.01728208315116343,0.0071364096421310495,0.0011544478647262154,0.0,
STD_L06_FULL_W05,1,east_move,east,z3,0.009148424271996188,-0.0073173907539317,0.0018310335180644895,0.00030645109763790396,0.0,
STD_L06_FULL_W05,1,east_move,east,as,0.0,-0.06416041152875362,-0.06416041152875362,-0.01032632467344862,0.0,
STD_L06_FULL_W05,1,east_move,east,pas,1.941734750289155e-06,-0.01307139840387388,-0.01306945666912359,-0.0021107003664605313,0.0,
STD_L06_FULL_W05,1,east_move,east,final,0.07297718152039795,-0.0826598300512486,-0.009682648530850654,-0.0015155678620188129,0.0,
STD_L06_FULL_W05,1,east_accel,east,position,0.0025312882649086376,-0.00024615991461904513,0.002285128350289593,0.0022747662100199603,,
STD_L06_FULL_W05,1,east_accel,east,tracking,0.005670098121627143,-0.006392884546526941,-0.0007227864248997963,-0.0006960188724521671,,
STD_L06_FULL_W05,1,east_accel,east,observer_error,0.003508201901117,-0.0006210698636423318,0.002887132037474668,0.0028678292992481147,,
STD_L06_FULL_W05,1,east_accel,east,velocity_total,0.005844947788907946,-0.0036806023010066092,0.0021643454879013376,0.002171810312120215,,
STD_L06_FULL_W05,1,east_accel,east,nominal,0.008331749843418843,-0.0038822760236797422,0.004449473819739102,0.004446576505162941,,
STD_L06_FULL_W05,1,east_accel,east,z3,0.004485962584352833,-0.00043528862028324115,0.004050673964069592,0.004028501755119433,,
STD_L06_FULL_W05,1,east_accel,east,as,0.0,-0.01967050170980022,-0.01967050170980022,-0.019534376040033812,,
STD_L06_FULL_W05,1,east_accel,east,pas,0.0,-0.0059610980935394875,-0.0059610980935394875,-0.005938667332797888,,
STD_L06_FULL_W05,1,east_accel,east,final,0.035884851283626625,-0.02748738469654185,0.008397466587084788,0.008379473951677822,,
STD_L06_FULL_W05,1,east_cruise,east,position,0.0014026487738437814,-0.00530605151897962,-0.0039034027451358387,-0.0009073342241007037,,
STD_L06_FULL_W05,1,east_cruise,east,tracking,0.004473916968625371,-0.013684844577859621,-0.009210927609234249,-0.0021789725971804296,,
STD_L06_FULL_W05,1,east_cruise,east,observer_error,0.006911365766065497,-0.0003519330826038623,0.006559432683461634,0.0015555379226973765,,
STD_L06_FULL_W05,1,east_cruise,east,velocity_total,0.005734283299207119,-0.008385778113923156,-0.0026514948147160363,-0.0006234346387706329,,
STD_L06_FULL_W05,1,east_cruise,east,nominal,0.004177550207095821,-0.010732448074180919,-0.006554897867085099,-0.0015307689333846214,,
STD_L06_FULL_W05,1,east_cruise,east,z3,0.003503836064664922,-0.005886523806053902,-0.0023826877413889802,-0.0005482604007465548,,
STD_L06_FULL_W05,1,east_cruise,east,as,0.0,-0.0257706344619555,-0.0257706344619555,-0.006077984035365992,,
STD_L06_FULL_W05,1,east_cruise,east,pas,0.0,-0.00045357399634664416,-0.00045357399634664416,-0.00011418238889968302,,
STD_L06_FULL_W05,1,east_cruise,east,final,0.002786486497932218,-0.038379599500171106,-0.03559311300223889,-0.00837722554989114,,
STD_L06_FULL_W05,1,east_decel,east,position,0.0018923855864996018,-0.0005333189987577259,0.0013590665877418757,0.0013243789563415385,,
STD_L06_FULL_W05,1,east_decel,east,tracking,0.010406747726257846,-0.003631690323585645,0.006775057402672201,0.0066302490805456825,,
STD_L06_FULL_W05,1,east_decel,east,observer_error,0.0017724468271953654,-0.0006647372622974181,0.0011077095648979473,0.001119217558349798,,
STD_L06_FULL_W05,1,east_decel,east,velocity_total,0.01022767566423859,-0.0023449084645253758,0.007882767199713212,0.007749466868734176,,
STD_L06_FULL_W05,1,east_decel,east,nominal,0.01190919274277981,-0.002667359053302768,0.009241833689477045,0.009073845720483824,,
STD_L06_FULL_W05,1,east_decel,east,z3,0.0011586256229784342,-0.0009955783275945563,0.0001630472953838779,0.00018026754023883277,,
STD_L06_FULL_W05,1,east_decel,east,as,0.0,-0.018719275356997907,-0.018719275356997907,-0.01866740132093597,,
STD_L06_FULL_W05,1,east_decel,east,pas,1.941734750289155e-06,-0.006656726313987747,-0.006654784579237458,-0.006601968828608589,,
STD_L06_FULL_W05,1,east_decel,east,final,0.034305843738839104,-0.016792845854535658,0.017512997884303445,0.01713700394057447,,
STD_L06_FULL_W05,1,south_move,south,position,0.007207371615788478,-0.008012705019947122,-0.0008053334041586437,-0.00013379747813125446,0.0,
STD_L06_FULL_W05,1,south_move,south,tracking,0.026268967435660623,-0.02595551082526788,0.0003134566103927426,3.433770283634423e-05,0.0,
STD_L06_FULL_W05,1,south_move,south,observer_error,0.010979628761555189,-0.002969772892660781,0.00800985586889441,0.0012953567875562415,0.0,
STD_L06_FULL_W05,1,south_move,south,velocity_total,0.0238539003444384,-0.015530588010300462,0.008323312334137932,0.0013296944660613653,0.0,
STD_L06_FULL_W05,1,south_move,south,nominal,0.025010627905212517,-0.017492649064639286,0.0075179788405732376,0.0011958969738289822,0.0,
STD_L06_FULL_W05,1,south_move,south,z3,0.010562772664052316,-0.009876930571939745,0.0006858420921125714,0.00011171680538433476,0.0,
STD_L06_FULL_W05,1,south_move,south,as,0.0,-0.058505206032092194,-0.058505206032092194,-0.009451546617861647,0.0,
STD_L06_FULL_W05,1,south_move,south,pas,1.0002177732529198e-06,-0.012177893705314954,-0.0121768934875417,-0.001964015078635766,0.0,
STD_L06_FULL_W05,1,south_move,south,final,0.07229836825684469,-0.07184049615146772,0.00045787210537697257,4.3044130916607704e-05,0.0,
STD_L06_FULL_W05,1,south_accel,south,position,0.0018514258465729923,-6.635736704356431e-05,0.0017850684795294282,0.0017905097650827884,,
STD_L06_FULL_W05,1,south_accel,south,tracking,0.0102421157405479,-0.003545042568322945,0.006697073172224957,0.00671355958879576,,
STD_L06_FULL_W05,1,south_accel,south,observer_error,0.0013306874422505592,-0.001008258088374072,0.0003224293538764872,0.0003231637493549897,,
STD_L06_FULL_W05,1,south_accel,south,velocity_total,0.009283646790892839,-0.0022641443765605614,0.0070195024143322755,0.007036723221594002,,
STD_L06_FULL_W05,1,south_accel,south,nominal,0.01090291383117442,-0.0020983430976047905,0.008804570733569626,0.008827232827898115,,
STD_L06_FULL_W05,1,south_accel,south,z3,0.003227067841457018,-0.00014203428552718482,0.003085033555929833,0.003091490299506404,,
STD_L06_FULL_W05,1,south_accel,south,as,0.0,-0.01367191595511393,-0.01367191595511393,-0.013677941708214349,,
STD_L06_FULL_W05,1,south_accel,south,pas,0.0,-0.005287931018508946,-0.005287931018508946,-0.005301059599965811,,
STD_L06_FULL_W05,1,south_accel,south,final,0.03641859514592198,-0.014679043291136588,0.0217395518547854,0.021775850577745587,,
STD_L06_FULL_W05,1,south_cruise,south,position,0.0040679629834140495,-0.007529826220319585,-0.003461863236905536,-0.0008213522229639888,,
STD_L06_FULL_W05,1,south_cruise,south,tracking,0.00430026575139526,-0.0183731372662878,-0.014072871514892539,-0.0033520379758569365,,
STD_L06_FULL_W05,1,south_cruise,south,observer_error,0.008138237737610089,-0.0007331448704972019,0.007405092867112887,0.0017648821589552014,,
STD_L06_FULL_W05,1,south_cruise,south,velocity_total,0.004071717846942178,-0.010739496770813272,-0.006667778923871094,-0.0015871558834546055,,
STD_L06_FULL_W05,1,south_cruise,south,nominal,0.002769204936295914,-0.012898846791365912,-0.010129641855069997,-0.0024085080335204284,,
STD_L06_FULL_W05,1,south_cruise,south,z3,0.005977351841669574,-0.0082225545393958,-0.0022452026977262257,-0.0005294584206629744,,
STD_L06_FULL_W05,1,south_cruise,south,as,0.0,-0.025618306532782284,-0.025618306532782284,-0.006102065990213478,,
STD_L06_FULL_W05,1,south_cruise,south,pas,0.0,-0.00014237493317157597,-0.00014237493317157597,-3.67436111052181e-05,,
STD_L06_FULL_W05,1,south_cruise,south,final,0.0028825684944313247,-0.041968751445638115,-0.03908618295120678,-0.00931617863459126,,
STD_L06_FULL_W05,1,south_decel,south,position,0.0012781818497060076,-0.00041652143258397254,0.0008616604171220354,0.0008387408331528273,,
STD_L06_FULL_W05,1,south_decel,south,tracking,0.011685997203457999,-0.004037330990657131,0.007648666212800868,0.007470129867590639,,
STD_L06_FULL_W05,1,south_decel,south,observer_error,0.0015107035816945425,-0.0012281613470549913,0.00028254223463955116,0.0003080201691693854,,
STD_L06_FULL_W05,1,south_decel,south,velocity_total,0.010458155552798318,-0.0025269468629266286,0.007931208689871686,0.007778150263408269,,
STD_L06_FULL_W05,1,south_decel,south,nominal,0.011288328046910368,-0.002495459175668587,0.008792868871241782,0.008616890865451997,,
STD_L06_FULL_W05,1,south_decel,south,z3,0.0013437980347080212,-0.0015123417470167605,-0.00016854371230873926,-0.00014442978951433722,,
STD_L06_FULL_W05,1,south_decel,south,as,0.0,-0.019205030621844307,-0.019205030621844307,-0.019151481524334355,,
STD_L06_FULL_W05,1,south_decel,south,pas,1.0002177732529196e-06,-0.00672251093870724,-0.006721510720933986,-0.006668165397752004,,
STD_L06_FULL_W05,1,south_decel,south,final,0.032919040232722234,-0.015192701414693022,0.01772633881802922,0.017327017771065815,,
STD_L06_FULL_W05,1,west_move,west,position,0.006570155330009625,-0.007060024299549746,-0.0004898689695401214,-8.279873020646553e-05,0.0,
STD_L06_FULL_W05,1,west_move,west,tracking,0.01833518096611808,-0.020156967041202702,-0.0018217860750846214,-0.0003098501833905644,0.0,
STD_L06_FULL_W05,1,west_move,west,observer_error,0.009021093591651132,-0.0032885840413744037,0.005732509550276729,0.0009272032672887206,0.0,
STD_L06_FULL_W05,1,west_move,west,velocity_total,0.016267207817516473,-0.01235648426814802,0.003910723549368451,0.0006173530978148553,0.0,
STD_L06_FULL_W05,1,west_move,west,nominal,0.01735712777195842,-0.013936273182567661,0.0034208545893907594,0.0005345543688409019,0.0,
STD_L06_FULL_W05,1,west_move,west,z3,0.008332127482193741,-0.009335654683391115,-0.0010035272011973716,-0.00016079610041977563,0.0,
STD_L06_FULL_W05,1,west_move,west,as,0.0,-0.04590886129084696,-0.04590886129084696,-0.0074150626258206705,0.0,
STD_L06_FULL_W05,1,west_move,west,pas,1.6927496180875291e-06,-0.01038097280130023,-0.010379280051682142,-0.0016740774276906684,0.0,
STD_L06_FULL_W05,1,west_move,west,final,0.05391825484301985,-0.05410532600252917,-0.00018707115950933328,-5.8743137788042074e-05,0.0,
STD_L06_FULL_W05,1,west_accel,west,position,0.0013457091067102787,-7.718918484170128e-05,0.0012685199218685774,0.0012862390187219717,,
STD_L06_FULL_W05,1,west_accel,west,tracking,0.0067069486931432085,-0.0009908986606169579,0.005716050032526251,0.005753667992074042,,
STD_L06_FULL_W05,1,west_accel,west,observer_error,0.0005451942145591534,-0.0013999583025267844,-0.0008547640879676308,-0.0008514242346116134,,
STD_L06_FULL_W05,1,west_accel,west,velocity_total,0.005357373506994912,-0.0004960877637204307,0.004861285743274482,0.00490224356946419,,
STD_L06_FULL_W05,1,west_accel,west,nominal,0.006561808682512492,-0.0004320030099843363,0.006129805672528157,0.006188482593650406,,
STD_L06_FULL_W05,1,west_accel,west,z3,0.001584729093257892,-9.032608063171184e-05,0.0014944030126261803,0.0015130478827686603,,
STD_L06_FULL_W05,1,west_accel,west,as,0.0,-0.00847982379299345,-0.00847982379299345,-0.008533438572485466,,
STD_L06_FULL_W05,1,west_accel,west,pas,0.0,-0.004023595536127626,-0.004023595536127626,-0.004064852507784962,,
STD_L06_FULL_W05,1,west_accel,west,final,0.022876231699221407,-0.006278645364800476,0.01659758633442093,0.01665962047173525,,
STD_L06_FULL_W05,1,west_cruise,west,position,0.004179864748533868,-0.006576694719791767,-0.0023968299712578984,-0.0005668611792706153,,
STD_L06_FULL_W05,1,west_cruise,west,tracking,0.0019673048212207047,-0.017718354286716934,-0.01575104946549623,-0.0037380552744079544,,
STD_L06_FULL_W05,1,west_cruise,west,observer_error,0.007921766842431677,-0.00041707689284157666,0.007504689949590099,0.0017869060521159207,,
STD_L06_FULL_W05,1,west_cruise,west,velocity_total,0.0023893801114099385,-0.01063573947248733,-0.00824635936107739,-0.0019511491840317572,,
STD_L06_FULL_W05,1,west_cruise,west,nominal,0.0014667346395816963,-0.012109924001451916,-0.010643189361870219,-0.0025180103700434605,,
STD_L06_FULL_W05,1,west_cruise,west,z3,0.0058018462325125884,-0.007132334067340712,-0.0013304878348281235,-0.0003110234573701053,,
STD_L06_FULL_W05,1,west_cruise,west,as,0.0,-0.02481407342072068,-0.02481407342072068,-0.005919811648230109,,
STD_L06_FULL_W05,1,west_cruise,west,pas,0.0,-0.0005275150766828553,-0.0005275150766828553,-0.0001348181939517547,,
STD_L06_FULL_W05,1,west_cruise,west,final,0.002268742577240029,-0.039358163788630975,-0.03708942121139094,-0.00882172598783438,,
STD_L06_FULL_W05,1,west_decel,west,position,0.001010540713352393,-0.00040614039491627805,0.0006044003184361153,0.0005812258069345262,,
STD_L06_FULL_W05,1,west_decel,west,tracking,0.00955301784271426,-0.001447714093868809,0.00810530374884545,0.008025093023417867,,
STD_L06_FULL_W05,1,west_decel,west,observer_error,0.0005530683114666231,-0.001471387248253448,-0.000918318936786825,-0.0009049209270851861,,
STD_L06_FULL_W05,1,west_decel,west,velocity_total,0.008411641945480308,-0.0012246570319402624,0.007186984913540046,0.007120172209921293,,
STD_L06_FULL_W05,1,west_decel,west,nominal,0.009185731435460115,-0.0013943461711314095,0.007791385264328708,0.007701398047345719,,
STD_L06_FULL_W05,1,west_decel,west,z3,0.0008949183403747316,-0.0021129945354186916,-0.0012180761950439602,-0.0012036851844168268,,
STD_L06_FULL_W05,1,west_decel,west,as,0.0,-0.012509318321943238,-0.012509318321943238,-0.012576740785036237,,
STD_L06_FULL_W05,1,west_decel,west,pas,1.6927496180875291e-06,-0.005749883878917906,-0.005748191129299819,-0.005748191129299812,,
STD_L06_FULL_W05,1,west_decel,west,final,0.02860936724208292,-0.008379605203983356,0.020229762038099564,0.020027421222883278,,
STD_L06_FULL_W05,1,movement,all,position,0.026925017607617903,-0.02913137137321028,-0.002206353765592379,-8.92421113704712e-05,0.0,
STD_L06_FULL_W05,1,movement,all,tracking,0.07609254040876641,-0.08717205258315316,-0.011079512174386751,-0.00045531807741395455,0.0,
STD_L06_FULL_W05,1,movement,all,observer_error,0.04024470407972304,-0.009028971496270272,0.031215732583452775,0.001258943171914678,0.0,
STD_L06_FULL_W05,1,movement,all,velocity_total,0.07528308517519353,-0.05514686524178232,0.020136219933411203,0.0008036250765564363,0.0,
STD_L06_FULL_W05,1,movement,all,nominal,0.08329582994711918,-0.0653659642217061,0.0179298657254131,0.0007143829475744097,0.0,
STD_L06_FULL_W05,1,movement,all,z3,0.0351790244977892,-0.033486618817582435,0.0016924056802067702,7.19359299320015e-05,0.0,
STD_L06_FULL_W05,1,movement,all,as,0.0,-0.2199504247046111,-0.2199504247046111,-0.008864725718811136,0.0,
STD_L06_FULL_W05,1,movement,all,pas,6.561970629263955e-06,-0.046688573486519024,-0.046682011515889764,-0.0018811290633894574,0.0,
STD_L06_FULL_W05,1,movement,all,final,0.2653091125326757,-0.2791390413979169,-0.013829928865241207,-0.0005553916402448119,0.0,
STD_L06_FULL_W05,1,movement_accel,all,position,0.008101260882620436,-0.001210670733981705,0.00689059014863873,0.001724763351045299,,
STD_L06_FULL_W05,1,movement_accel,all,tracking,0.02533576408220683,-0.012316660599535567,0.013019103482671268,0.0032638253314074524,,
STD_L06_FULL_W05,1,movement_accel,all,observer_error,0.006646319371380741,-0.0035017070986325446,0.003144612272748198,0.0007850917423104624,,
STD_L06_FULL_W05,1,movement_accel,all,velocity_total,0.02352465965376172,-0.007360944356485439,0.016163715297276286,0.004048916966327392,,
STD_L06_FULL_W05,1,movement_accel,all,nominal,0.030861403013259403,-0.007807097644726923,0.023054305368532476,0.005773680297727288,,
STD_L06_FULL_W05,1,movement_accel,all,z3,0.012602105494464907,-0.001407592592056962,0.011194512902407942,0.002798035832279673,,
STD_L06_FULL_W05,1,movement_accel,all,as,0.0,-0.054515356058076045,-0.054515356058076045,-0.01359620418129731,,
STD_L06_FULL_W05,1,movement_accel,all,pas,0.0,-0.02021476986166084,-0.02021476986166084,-0.005057104896156644,,
STD_L06_FULL_W05,1,movement_accel,all,final,0.12568613897796582,-0.06504671107447203,0.06063942790349382,0.015146558026012337,,
STD_L06_FULL_W05,1,movement_cruise,all,position,0.011325657002981934,-0.025159570918837422,-0.013833913915855487,-0.0008130718321087764,,
STD_L06_FULL_W05,1,movement_cruise,all,tracking,0.0154297330990429,-0.06248367954543754,-0.04705394644639464,-0.0027893207551868446,,
STD_L06_FULL_W05,1,movement_cruise,all,observer_error,0.02763147718633057,-0.002086906699117206,0.025544570487213362,0.0015171296349046576,,
STD_L06_FULL_W05,1,movement_cruise,all,velocity_total,0.01781732175604009,-0.039326698204873535,-0.021509376448833446,-0.0012721911459381522,,
STD_L06_FULL_W05,1,movement_cruise,all,nominal,0.012506626488475262,-0.04784991692856791,-0.03534329044009264,-0.0020852629818756694,,
STD_L06_FULL_W05,1,movement_cruise,all,z3,0.018330214807508977,-0.027458111615495467,-0.00912789680798649,-0.0005332036863385516,,
STD_L06_FULL_W05,1,movement_cruise,all,as,0.0,-0.0966591845617531,-0.0966591845617531,-0.005732012806271839,,
STD_L06_FULL_W05,1,movement_cruise,all,pas,4.366059147287843e-07,-0.0013373337266947417,-0.0013368971207800132,-8.486875068580153e-05,,
STD_L06_FULL_W05,1,movement_cruise,all,final,0.011299109536106678,-0.15661230456575873,-0.14531319502965204,-0.008611442676076816,,
STD_L06_FULL_W05,1,movement_decel,all,position,0.007454258024507016,-0.0027554764864252917,0.004698781538081726,0.00114620990301276,,
STD_L06_FULL_W05,1,movement_decel,all,tracking,0.03517854487821731,-0.012341637431993074,0.022836907446224235,0.00561845982919042,,
STD_L06_FULL_W05,1,movement_decel,all,observer_error,0.005965843298818057,-0.003438694290362029,0.0025271490084560278,0.0006483872650728708,,
STD_L06_FULL_W05,1,movement_decel,all,velocity_total,0.03379191135795534,-0.008427854459267041,0.025364056898688293,0.006266847203046845,,
STD_L06_FULL_W05,1,movement_decel,all,nominal,0.03973476634014858,-0.009671928195850233,0.03006283814429836,0.007413057032539394,,
STD_L06_FULL_W05,1,movement_decel,all,z3,0.004172220990250957,-0.004620914610030008,-0.00044869361977905177,-9.673779501742126e-05,,
STD_L06_FULL_W05,1,movement_decel,all,as,0.0,-0.06863658922121972,-0.06863658922121972,-0.017220837643905695,,
STD_L06_FULL_W05,1,movement_decel,all,pas,6.125364714535171e-06,-0.025031414773664412,-0.025025289408949873,-0.0062438346828717324,,
STD_L06_FULL_W05,1,movement_decel,all,final,0.12808178631035855,-0.05709061094804191,0.07099117536231667,0.017513196898062324,,
STD_L06_FULL_W05,1,normal_hover,all,position,0.006104928437098098,-0.013949117860716233,-0.007844189423618135,-0.0003843580847831742,0.0,
STD_L06_FULL_W05,1,normal_hover,all,tracking,0.012979455248819228,-0.053379942413002326,-0.04040048716418309,-0.00195984759997315,0.0,
STD_L06_FULL_W05,1,normal_hover,all,observer_error,0.025464574091667993,-0.002326733623207924,0.02313784046846007,0.0011199229266344569,0.0,
STD_L06_FULL_W05,1,normal_hover,all,velocity_total,0.01341072897711,-0.03067337582469067,-0.017262646847580672,-0.0008399246801694246,0.0,
STD_L06_FULL_W05,1,normal_hover,all,nominal,0.008829831526372432,-0.033936667678782916,-0.025106836152410484,-0.0012242827596379302,0.0,
STD_L06_FULL_W05,1,normal_hover,all,z3,0.008661078220021618,-0.009465506622388143,-0.0008044284023665237,-3.739112068973761e-05,0.0,
STD_L06_FULL_W05,1,normal_hover,all,as,0.0,-0.07188512243395324,-0.07188512243395324,-0.0034930572278602068,0.0,
STD_L06_FULL_W05,1,normal_hover,all,pas,0.0,-0.0005179296755668427,-0.0005179296755668427,-2.495806069616651e-05,0.0,
STD_L06_FULL_W05,1,normal_hover,all,final,0.004943554145943328,-0.10325787017606246,-0.09831431603011913,-0.004779689139570322,0.0,
STD_L06_FULL_W05,1,final_10s,all,position,0.004037139403687438,-0.0030503609818909,0.000986778421796537,9.283481613694017e-05,9.746923138971135e-07,
STD_L06_FULL_W05,1,final_10s,all,tracking,0.004283124732606655,-0.014676110429376422,-0.010392985696769762,-0.0010408127229025329,6.872007578821132e-05,
STD_L06_FULL_W05,1,final_10s,all,observer_error,0.007765342222197878,-0.0016468828631477606,0.0061184593590501175,0.0006133253814917209,1.6403704577901992e-05,
STD_L06_FULL_W05,1,final_10s,all,velocity_total,0.0038013823686915142,-0.008075908913972857,-0.004274526545281343,-0.0004274873621785028,2.060095181352368e-05,
STD_L06_FULL_W05,1,final_10s,all,nominal,0.0030108820375851337,-0.006298630104577076,-0.003287748066991941,-0.0003346525406804807,2.0995835900565418e-05,
STD_L06_FULL_W05,1,final_10s,all,z3,0.0036201655516133555,-0.0030793587203324815,0.0005408068312808738,5.247721660096146e-05,2.760278207745129e-06,
STD_L06_FULL_W05,1,final_10s,all,as,0.0,-0.010866028371746064,-0.010866028371746064,-0.0011031989039691466,6.677782469548989e-06,
STD_L06_FULL_W05,1,final_10s,all,pas,0.0,0.0,0.0,0.0,0.0,
STD_L06_FULL_W05,1,final_10s,all,final,0.004042258612170372,-0.017655228162717376,-0.013612969550547008,-0.0013853742220055738,4.953144778688597e-05,
STD_L06_FULL_W10_OBS_DECOUPLE,1,route,all,position,0.034297624708355866,-0.04710828207476528,-0.01281065736640941,-0.00022801411795637965,1.3293563406669262e-05,
STD_L06_FULL_W10_OBS_DECOUPLE,1,route,all,tracking,0.06420500933427853,-0.14830158564883955,-0.08409657631456104,-0.001496774808777574,0.0007826514446421493,
STD_L06_FULL_W10_OBS_DECOUPLE,1,route,all,observer_error,0.0,0.0,0.0,0.0,0.0,
STD_L06_FULL_W10_OBS_DECOUPLE,1,route,all,velocity_total,0.06420500933427853,-0.14830158564883955,-0.08409657631456104,-0.001496774808777574,0.0007826514446421493,
STD_L06_FULL_W10_OBS_DECOUPLE,1,route,all,nominal,0.06570227629273756,-0.162609509439599,-0.09690723314686145,-0.0017247889172198876,0.0007552567117379044,
STD_L06_FULL_W10_OBS_DECOUPLE,1,route,all,z3,0.04622042161259638,-0.04304358123946791,0.003176840373128477,5.6544209501262054e-05,3.615537582419098e-05,
STD_L06_FULL_W10_OBS_DECOUPLE,1,route,all,as,0.0,-0.33668855661944785,-0.33668855661944785,-0.0059926037257309155,0.0014533689833131417,
STD_L06_FULL_W10_OBS_DECOUPLE,1,route,all,pas,2.9299324844034415e-05,-0.05109646488239742,-0.05106716555755339,-0.0009089271955993411,6.258500416996377e-05,
STD_L06_FULL_W10_OBS_DECOUPLE,1,route,all,final,0.25918815852700045,-0.5088060028298476,-0.24961784430284714,-0.004442830757799767,0.000793605752436771,
STD_L06_FULL_W10_OBS_DECOUPLE,1,north_move,north,position,0.006709003315630957,-0.006825277722698985,-0.00011627440706802922,-2.4150865529820864e-05,0.0,
STD_L06_FULL_W10_OBS_DECOUPLE,1,north_move,north,tracking,0.012295815605424266,-0.026093850886638424,-0.013798035281214158,-0.002242493674251883,0.0,
STD_L06_FULL_W10_OBS_DECOUPLE,1,north_move,north,observer_error,0.0,0.0,0.0,0.0,0.0,
STD_L06_FULL_W10_OBS_DECOUPLE,1,north_move,north,velocity_total,0.012295815605424266,-0.026093850886638424,-0.013798035281214158,-0.002242493674251883,0.0,
STD_L06_FULL_W10_OBS_DECOUPLE,1,north_move,north,nominal,0.013676115449625246,-0.027590425066242548,-0.013914309616617302,-0.002266644529397761,0.0,
STD_L06_FULL_W10_OBS_DECOUPLE,1,north_move,north,z3,0.009014621838963654,-0.007502512143168125,0.0015121096957955295,0.00024499109605703793,0.0,
STD_L06_FULL_W10_OBS_DECOUPLE,1,north_move,north,as,0.0,-0.06509920618668875,-0.06509920618668875,-0.010544703543875315,0.0,
STD_L06_FULL_W10_OBS_DECOUPLE,1,north_move,north,pas,7.627858067281918e-07,-0.012919876251020476,-0.012919113465213749,-0.002089119253753839,0.0,
STD_L06_FULL_W10_OBS_DECOUPLE,1,north_move,north,final,0.06417069406862726,-0.09312137843391256,-0.028950684365285317,-0.00471533469911654,0.0,
STD_L06_FULL_W10_OBS_DECOUPLE,1,north_accel,north,position,0.0006358473674154071,-0.0004399900558928601,0.00019585731152254698,0.000197292996217584,,
STD_L06_FULL_W10_OBS_DECOUPLE,1,north_accel,north,tracking,0.005364329022820982,-0.003929747761474572,0.0014345812613464118,0.0014784859087812947,,
STD_L06_FULL_W10_OBS_DECOUPLE,1,north_accel,north,observer_error,0.0,0.0,0.0,0.0,,
STD_L06_FULL_W10_OBS_DECOUPLE,1,north_accel,north,velocity_total,0.005364329022820982,-0.003929747761474572,0.0014345812613464118,0.0014784859087812947,,
STD_L06_FULL_W10_OBS_DECOUPLE,1,north_accel,north,nominal,0.005508738087995818,-0.0038782993864970223,0.0016304387014987945,0.0016757790360734362,,
STD_L06_FULL_W10_OBS_DECOUPLE,1,north_accel,north,z3,0.002063666043482953,-1.8180456900151853e-06,0.0020618479977929376,0.00206877519745467,,
STD_L06_FULL_W10_OBS_DECOUPLE,1,north_accel,north,as,0.0,-0.020042620009973127,-0.020042620009973127,-0.020069577809162523,,
STD_L06_FULL_W10_OBS_DECOUPLE,1,north_accel,north,pas,0.0,-0.006090642903000107,-0.006090642903000107,-0.006119855070486665,,
STD_L06_FULL_W10_OBS_DECOUPLE,1,north_accel,north,final,0.029512726127242764,-0.025231986514554577,0.004280739612688186,0.004344938190464745,,
STD_L06_FULL_W10_OBS_DECOUPLE,1,north_cruise,north,position,0.0037633023822199745,-0.005533276233818462,-0.0017699738515984872,-0.0004224036674583291,,
STD_L06_FULL_W10_OBS_DECOUPLE,1,north_cruise,north,tracking,0.0012854330330607025,-0.017789093896572038,-0.016503660863511335,-0.003937736804963919,,
STD_L06_FULL_W10_OBS_DECOUPLE,1,north_cruise,north,observer_error,0.0,0.0,0.0,0.0,,
STD_L06_FULL_W10_OBS_DECOUPLE,1,north_cruise,north,velocity_total,0.0012854330330607025,-0.017789093896572038,-0.016503660863511335,-0.003937736804963919,,
STD_L06_FULL_W10_OBS_DECOUPLE,1,north_cruise,north,nominal,0.0007463995374946454,-0.019020034315797636,-0.01827363477830299,-0.004360140486475424,,
STD_L06_FULL_W10_OBS_DECOUPLE,1,north_cruise,north,z3,0.006090959358945844,-0.007177818998425201,-0.0010868596394793574,-0.0002563603895768372,,
STD_L06_FULL_W10_OBS_DECOUPLE,1,north_cruise,north,as,0.0,-0.024135083576349737,-0.024135083576349737,-0.005774246986873987,,
STD_L06_FULL_W10_OBS_DECOUPLE,1,north_cruise,north,pas,2.0758413302244195e-07,-0.0002181057787965892,-0.00021789819466356674,-5.833769059190985e-05,,
STD_L06_FULL_W10_OBS_DECOUPLE,1,north_cruise,north,final,0.0016874519105912894,-0.04584827869827137,-0.04416082678768009,-0.010556046339987642,,
STD_L06_FULL_W10_OBS_DECOUPLE,1,north_decel,north,position,0.0023078442096884765,-0.0008520114329876647,0.0014558327767008115,0.0014137874544440632,,
STD_L06_FULL_W10_OBS_DECOUPLE,1,north_decel,north,tracking,0.005563033324375279,-0.004375009228591817,0.0011880240957834614,0.0010989140899919365,,
STD_L06_FULL_W10_OBS_DECOUPLE,1,north_decel,north,observer_error,0.0,0.0,0.0,0.0,,
STD_L06_FULL_W10_OBS_DECOUPLE,1,north_decel,north,velocity_total,0.005563033324375279,-0.004375009228591817,0.0011880240957834614,0.0010989140899919365,,
STD_L06_FULL_W10_OBS_DECOUPLE,1,north_decel,north,nominal,0.007335948236985136,-0.004692091363947891,0.0026438568730372453,0.0025127015387480488,,
STD_L06_FULL_W10_OBS_DECOUPLE,1,north_decel,north,z3,0.0008459417819030884,-0.0003228750990529085,0.0005230666828501798,0.000529906550892765,,
STD_L06_FULL_W10_OBS_DECOUPLE,1,north_decel,north,as,0.0,-0.020872891002276534,-0.020872891002276534,-0.02081828705160574,,
STD_L06_FULL_W10_OBS_DECOUPLE,1,north_decel,north,pas,5.552016737057499e-07,-0.006555728698964237,-0.006555173497290532,-0.006503148310804093,,
STD_L06_FULL_W10_OBS_DECOUPLE,1,north_decel,north,final,0.03284670310199734,-0.022041113221086612,0.010805589880910734,0.010449267343718684,,
STD_L06_FULL_W10_OBS_DECOUPLE,1,east_move,east,position,0.005390468537674673,-0.006986691399018993,-0.0015962228613443199,-0.0002611539697701408,0.0,
STD_L06_FULL_W10_OBS_DECOUPLE,1,east_move,east,tracking,0.011608733980654512,-0.018461343229301676,-0.006852609248647163,-0.0011203678860572388,0.0,
STD_L06_FULL_W10_OBS_DECOUPLE,1,east_move,east,observer_error,0.0,0.0,0.0,0.0,0.0,
STD_L06_FULL_W10_OBS_DECOUPLE,1,east_move,east,velocity_total,0.011608733980654512,-0.018461343229301676,-0.006852609248647163,-0.0011203678860572388,0.0,
STD_L06_FULL_W10_OBS_DECOUPLE,1,east_move,east,nominal,0.012599119296746748,-0.02104795139430271,-0.008448832097555963,-0.0013815218526346006,0.0,
STD_L06_FULL_W10_OBS_DECOUPLE,1,east_move,east,z3,0.008653097533297117,-0.010310118761790353,-0.0016570212284932394,-0.00026489262882963514,0.0,
STD_L06_FULL_W10_OBS_DECOUPLE,1,east_move,east,as,0.0,-0.05118528818915444,-0.05118528818915444,-0.008285116689146721,0.0,
STD_L06_FULL_W10_OBS_DECOUPLE,1,east_move,east,pas,7.897193747340234e-06,-0.011054890880273895,-0.011046993686526556,-0.0017840752077723752,0.0,
STD_L06_FULL_W10_OBS_DECOUPLE,1,east_move,east,final,0.05896296431257296,-0.07900244312302847,-0.020039478810455508,-0.003269440938999001,0.0,
STD_L06_FULL_W10_OBS_DECOUPLE,1,east_accel,east,position,0.0022329689969747078,-0.0003705253697298728,0.0018624436272448343,0.0018709668406891068,,
STD_L06_FULL_W10_OBS_DECOUPLE,1,east_accel,east,tracking,0.0045093725793413034,-0.0023415457519003766,0.0021678268274409273,0.002189771608042065,,
STD_L06_FULL_W10_OBS_DECOUPLE,1,east_accel,east,observer_error,0.0,0.0,0.0,0.0,,
STD_L06_FULL_W10_OBS_DECOUPLE,1,east_accel,east,velocity_total,0.0045093725793413034,-0.0023415457519003766,0.0021678268274409273,0.002189771608042065,,
STD_L06_FULL_W10_OBS_DECOUPLE,1,east_accel,east,nominal,0.006639073096972448,-0.0026088025663629777,0.00403027053060947,0.004060738522559404,,
STD_L06_FULL_W10_OBS_DECOUPLE,1,east_accel,east,z3,0.003811517120484494,-0.0008031237348914131,0.003008393385593081,0.003023616727354238,,
STD_L06_FULL_W10_OBS_DECOUPLE,1,east_accel,east,as,0.0,-0.012392451140161949,-0.012392451140161949,-0.012401818729673324,,
STD_L06_FULL_W10_OBS_DECOUPLE,1,east_accel,east,pas,0.0,-0.004707954586483537,-0.004707954586483537,-0.004724534443579614,,
STD_L06_FULL_W10_OBS_DECOUPLE,1,east_accel,east,final,0.030647505311295425,-0.01731876090947474,0.013328744401820688,0.01339082214156224,,
STD_L06_FULL_W10_OBS_DECOUPLE,1,east_cruise,east,position,0.0020932205347162264,-0.006232303828848628,-0.0041390832941324025,-0.000985211637304255,,
STD_L06_FULL_W10_OBS_DECOUPLE,1,east_cruise,east,tracking,0.0030258842043985983,-0.011359049281153607,-0.00833316507675501,-0.0019856071920895733,,
STD_L06_FULL_W10_OBS_DECOUPLE,1,east_cruise,east,observer_error,0.0,0.0,0.0,0.0,,
STD_L06_FULL_W10_OBS_DECOUPLE,1,east_cruise,east,velocity_total,0.0030258842043985983,-0.011359049281153607,-0.00833316507675501,-0.0019856071920895733,,
STD_L06_FULL_W10_OBS_DECOUPLE,1,east_cruise,east,nominal,0.001200918925793304,-0.013673167285003713,-0.01247224835921041,-0.0029708188258307003,,
STD_L06_FULL_W10_OBS_DECOUPLE,1,east_cruise,east,z3,0.002889324742947788,-0.007098734986448098,-0.00420941024350031,-0.0009994693298128667,,
STD_L06_FULL_W10_OBS_DECOUPLE,1,east_cruise,east,as,0.0,-0.018143526448645246,-0.018143526448645246,-0.0043299503843491375,,
STD_L06_FULL_W10_OBS_DECOUPLE,1,east_cruise,east,pas,8.230990206356184e-07,-9.37087560014275e-05,-9.288565698079187e-05,-2.5699009044888566e-05,,
STD_L06_FULL_W10_OBS_DECOUPLE,1,east_cruise,east,final,0.0014059758814320786,-0.03636179270643519,-0.03495581682500311,-0.008335474350701354,,
STD_L06_FULL_W10_OBS_DECOUPLE,1,east_decel,east,position,0.001045652551581041,-0.000383862200440492,0.0006617903511405489,0.0006419749620736184,,
STD_L06_FULL_W10_OBS_DECOUPLE,1,east_decel,east,tracking,0.004040384933759914,-0.0047515140244212975,-0.0007111290906613829,-0.0008034242092689965,,
STD_L06_FULL_W10_OBS_DECOUPLE,1,east_decel,east,observer_error,0.0,0.0,0.0,0.0,,
STD_L06_FULL_W10_OBS_DECOUPLE,1,east_decel,east,velocity_total,0.004040384933759914,-0.0047515140244212975,-0.0007111290906613829,-0.0008034242092689965,,
STD_L06_FULL_W10_OBS_DECOUPLE,1,east_decel,east,nominal,0.004708567045454387,-0.00475790586142098,-4.9338815966592126e-05,-0.0001614493161905557,,
STD_L06_FULL_W10_OBS_DECOUPLE,1,east_decel,east,z3,0.0019111854493385119,-0.002408260040450844,-0.0004970745911123315,-0.00047405645449180155,,
STD_L06_FULL_W10_OBS_DECOUPLE,1,east_decel,east,as,0.0,-0.020632179927706606,-0.020632179927706606,-0.020748471798331593,,
STD_L06_FULL_W10_OBS_DECOUPLE,1,east_decel,east,pas,7.0740947267046165e-06,-0.006221803091757469,-0.0062147289970307645,-0.006214728997030761,,
STD_L06_FULL_W10_OBS_DECOUPLE,1,east_decel,east,final,0.026801621019840266,-0.025249698559287836,0.0015519224605524307,0.0013071080422960221,,
STD_L06_FULL_W10_OBS_DECOUPLE,1,south_move,south,position,0.007818936856177447,-0.0072223504088652565,0.0005965864473121902,9.16584257489117e-05,0.0,
STD_L06_FULL_W10_OBS_DECOUPLE,1,south_move,south,tracking,0.013810812400937632,-0.023560899746371385,-0.009750087345433752,-0.0015882213223198257,0.0,
STD_L06_FULL_W10_OBS_DECOUPLE,1,south_move,south,observer_error,0.0,0.0,0.0,0.0,0.0,
STD_L06_FULL_W10_OBS_DECOUPLE,1,south_move,south,velocity_total,0.013810812400937632,-0.023560899746371385,-0.009750087345433752,-0.0015882213223198257,0.0,
STD_L06_FULL_W10_OBS_DECOUPLE,1,south_move,south,nominal,0.016719781535810253,-0.025873282392594826,-0.009153500856784569,-0.0014965628892324725,0.0,
STD_L06_FULL_W10_OBS_DECOUPLE,1,south_move,south,z3,0.011490560076643319,-0.008449149616673817,0.0030414104599694996,0.0004909554234287854,0.0,
STD_L06_FULL_W10_OBS_DECOUPLE,1,south_move,south,as,0.0,-0.06976022290493727,-0.06976022290493727,-0.011260637234215665,0.0,
STD_L06_FULL_W10_OBS_DECOUPLE,1,south_move,south,pas,1.6024043550716504e-05,-0.013828783145028849,-0.013812759101478132,-0.002224993411964908,0.0,
STD_L06_FULL_W10_OBS_DECOUPLE,1,south_move,south,final,0.06750030007184613,-0.09682096490725241,-0.029320664835406254,-0.004767589986420731,0.0,
STD_L06_FULL_W10_OBS_DECOUPLE,1,south_accel,south,position,0.0028948954961197015,-0.0004656820552554523,0.002429213440864249,0.0024273876704950137,,
STD_L06_FULL_W10_OBS_DECOUPLE,1,south_accel,south,tracking,0.004836921148991592,-0.0023419389209011028,0.00249498222809049,0.002510621882677134,,
STD_L06_FULL_W10_OBS_DECOUPLE,1,south_accel,south,observer_error,0.0,0.0,0.0,0.0,,
STD_L06_FULL_W10_OBS_DECOUPLE,1,south_accel,south,velocity_total,0.004836921148991592,-0.0023419389209011028,0.00249498222809049,0.002510621882677134,,
STD_L06_FULL_W10_OBS_DECOUPLE,1,south_accel,south,nominal,0.007711831587832317,-0.0027876360040099205,0.004924195583822397,0.004938009472440056,,
STD_L06_FULL_W10_OBS_DECOUPLE,1,south_accel,south,z3,0.004016329510195649,-0.0004861215587880004,0.0035302079514076493,0.0035222734258572998,,
STD_L06_FULL_W10_OBS_DECOUPLE,1,south_accel,south,as,0.0,-0.017990700534290215,-0.017990700534290215,-0.017891155012071138,,
STD_L06_FULL_W10_OBS_DECOUPLE,1,south_accel,south,pas,0.0,-0.0060780275668948945,-0.0060780275668948945,-0.006066628807549557,,
STD_L06_FULL_W10_OBS_DECOUPLE,1,south_accel,south,final,0.03128559131175274,-0.021040259035187636,0.01024533227656511,0.010242768143865443,,
STD_L06_FULL_W10_OBS_DECOUPLE,1,south_cruise,south,position,0.0033134415665494856,-0.006298265072136983,-0.0029848235055874974,-0.0007033571561535345,,
STD_L06_FULL_W10_OBS_DECOUPLE,1,south_cruise,south,tracking,0.003019136664450352,-0.015209391262964365,-0.012190254598514014,-0.002892126525031802,,
STD_L06_FULL_W10_OBS_DECOUPLE,1,south_cruise,south,observer_error,0.0,0.0,0.0,0.0,,
STD_L06_FULL_W10_OBS_DECOUPLE,1,south_cruise,south,velocity_total,0.003019136664450352,-0.015209391262964365,-0.012190254598514014,-0.002892126525031802,,
STD_L06_FULL_W10_OBS_DECOUPLE,1,south_cruise,south,nominal,0.0022837036102009503,-0.01745878161629486,-0.01517507800609391,-0.0035954836568986076,,
STD_L06_FULL_W10_OBS_DECOUPLE,1,south_cruise,south,z3,0.005438904430113342,-0.006813650871961721,-0.0013747464418483789,-0.0003178305392230166,,
STD_L06_FULL_W10_OBS_DECOUPLE,1,south_cruise,south,as,0.0,-0.026460153010550103,-0.026460153010550103,-0.00629973801631443,,
STD_L06_FULL_W10_OBS_DECOUPLE,1,south_cruise,south,pas,8.808166719974134e-06,-0.0004055324122018614,-0.0003967242454818873,-0.00010310325964756563,,
STD_L06_FULL_W10_OBS_DECOUPLE,1,south_cruise,south,final,0.003326316407128595,-0.04646353409074085,-0.043137217683612256,-0.010251132659137518,,
STD_L06_FULL_W10_OBS_DECOUPLE,1,south_decel,south,position,0.0016105997935082599,-0.0004584032814728214,0.0011521965120354382,0.0011215640849517484,,
STD_L06_FULL_W10_OBS_DECOUPLE,1,south_decel,south,tracking,0.005954754587495689,-0.006009569562505913,-5.481497501022586e-05,-0.00017981977679670626,,
STD_L06_FULL_W10_OBS_DECOUPLE,1,south_decel,south,observer_error,0.0,0.0,0.0,0.0,,
STD_L06_FULL_W10_OBS_DECOUPLE,1,south_decel,south,velocity_total,0.005954754587495689,-0.006009569562505913,-5.481497501022586e-05,-0.00017981977679670626,,
STD_L06_FULL_W10_OBS_DECOUPLE,1,south_decel,south,nominal,0.006724246337776986,-0.005626864772290046,0.0010973815654869395,0.0009417443400866071,,
STD_L06_FULL_W10_OBS_DECOUPLE,1,south_decel,south,z3,0.002035326136334327,-0.0011493771859240973,0.0008859489504102297,0.0009018831585005197,,
STD_L06_FULL_W10_OBS_DECOUPLE,1,south_decel,south,as,0.0,-0.02530936936009696,-0.02530936936009696,-0.025259352348733784,,
STD_L06_FULL_W10_OBS_DECOUPLE,1,south_decel,south,pas,7.21587683074237e-06,-0.007345223165932092,-0.00733800728910135,-0.007279769136013263,,
STD_L06_FULL_W10_OBS_DECOUPLE,1,south_decel,south,final,0.03288839235296481,-0.02931717178132391,0.003571220571640893,0.0031863158399660493,,
STD_L06_FULL_W10_OBS_DECOUPLE,1,west_move,west,position,0.005221871676521013,-0.007106559178391739,-0.0018846875018707246,-0.00030712164862295503,0.0,
STD_L06_FULL_W10_OBS_DECOUPLE,1,west_move,west,tracking,0.01502206577063393,-0.022636872663276363,-0.0076148068926424365,-0.001242989809275383,0.0,
STD_L06_FULL_W10_OBS_DECOUPLE,1,west_move,west,observer_error,0.0,0.0,0.0,0.0,0.0,
STD_L06_FULL_W10_OBS_DECOUPLE,1,west_move,west,velocity_total,0.01502206577063393,-0.022636872663276363,-0.0076148068926424365,-0.001242989809275383,0.0,
STD_L06_FULL_W10_OBS_DECOUPLE,1,west_move,west,nominal,0.015958032386175602,-0.02545752669753662,-0.009499494311361018,-0.0015501114433225792,0.0,
STD_L06_FULL_W10_OBS_DECOUPLE,1,west_move,west,z3,0.008597978830013765,-0.009082728724590195,-0.0004847498945764302,-7.678484831990787e-05,0.0,
STD_L06_FULL_W10_OBS_DECOUPLE,1,west_move,west,as,0.0,-0.06121154839966188,-0.06121154839966188,-0.009879516330188928,0.0,
STD_L06_FULL_W10_OBS_DECOUPLE,1,west_move,west,pas,4.276689811376429e-06,-0.012847618567189786,-0.01284334187737841,-0.0020688372869488414,0.0,
STD_L06_FULL_W10_OBS_DECOUPLE,1,west_move,west,final,0.0638864179149318,-0.09019018160675839,-0.026303763691826593,-0.004275093528913585,0.0,
STD_L06_FULL_W10_OBS_DECOUPLE,1,west_accel,west,position,0.002193557549268001,-0.00064909756730776,0.0015444599819602414,0.001539321546304217,,
STD_L06_FULL_W10_OBS_DECOUPLE,1,west_accel,west,tracking,0.003591785147844341,-0.004263005472021138,-0.0006712203241767969,-0.0006379772262118335,,
STD_L06_FULL_W10_OBS_DECOUPLE,1,west_accel,west,observer_error,0.0,0.0,0.0,0.0,,
STD_L06_FULL_W10_OBS_DECOUPLE,1,west_accel,west,velocity_total,0.003591785147844341,-0.004263005472021138,-0.0006712203241767969,-0.0006379772262118335,,
STD_L06_FULL_W10_OBS_DECOUPLE,1,west_accel,west,nominal,0.005605999975115984,-0.004732760273385756,0.0008732397017302277,0.0009013443635748921,,
STD_L06_FULL_W10_OBS_DECOUPLE,1,west_accel,west,z3,0.003662381585105325,-0.0006832160032645325,0.0029791655818407928,0.0029649505231357162,,
STD_L06_FULL_W10_OBS_DECOUPLE,1,west_accel,west,as,0.0,-0.019961139226114005,-0.019961139226114005,-0.019825706229716564,,
STD_L06_FULL_W10_OBS_DECOUPLE,1,west_accel,west,pas,0.0,-0.006096171911805871,-0.006096171911805871,-0.006074525661663049,,
STD_L06_FULL_W10_OBS_DECOUPLE,1,west_accel,west,final,0.03195118116587408,-0.02784723797161125,0.004103943194262836,0.004132488369202566,,
STD_L06_FULL_W10_OBS_DECOUPLE,1,west_cruise,west,position,0.002312668623811114,-0.005945169070684595,-0.0036325004468734795,-0.0008599927986211651,,
STD_L06_FULL_W10_OBS_DECOUPLE,1,west_cruise,west,tracking,0.0028729723580143154,-0.014667913782407617,-0.011794941424393303,-0.002798157321163741,,
STD_L06_FULL_W10_OBS_DECOUPLE,1,west_cruise,west,observer_error,0.0,0.0,0.0,0.0,,
STD_L06_FULL_W10_OBS_DECOUPLE,1,west_cruise,west,velocity_total,0.0028729723580143154,-0.014667913782407617,-0.011794941424393303,-0.002798157321163741,,
STD_L06_FULL_W10_OBS_DECOUPLE,1,west_cruise,west,nominal,0.0015544494492078275,-0.01698189144045265,-0.015427441991244824,-0.003658150148296798,,
STD_L06_FULL_W10_OBS_DECOUPLE,1,west_cruise,west,z3,0.003493488389034626,-0.006764766627440622,-0.003271278238405994,-0.0007713193507919911,,
STD_L06_FULL_W10_OBS_DECOUPLE,1,west_cruise,west,as,0.0,-0.0222347935402081,-0.0222347935402081,-0.005290034630515684,,
STD_L06_FULL_W10_OBS_DECOUPLE,1,west_cruise,west,pas,1.6299061826435705e-07,-0.00022444869590981746,-0.00022428570529155312,-5.970429193014133e-05,,
STD_L06_FULL_W10_OBS_DECOUPLE,1,west_cruise,west,final,0.0022635906859581898,-0.044013956322178235,-0.04175036563622004,-0.009919476461399792,,
STD_L06_FULL_W10_OBS_DECOUPLE,1,west_decel,west,position,0.0007156455034418982,-0.0005122925403993843,0.00020335296304251383,0.00018641258315804565,,
STD_L06_FULL_W10_OBS_DECOUPLE,1,west_decel,west,tracking,0.008557308264775272,-0.0037059534088476082,0.004851354855927664,0.004704203521199931,,
STD_L06_FULL_W10_OBS_DECOUPLE,1,west_decel,west,observer_error,0.0,0.0,0.0,0.0,,
STD_L06_FULL_W10_OBS_DECOUPLE,1,west_decel,west,velocity_total,0.008557308264775272,-0.0037059534088476082,0.004851354855927664,0.004704203521199931,,
STD_L06_FULL_W10_OBS_DECOUPLE,1,west_decel,west,nominal,0.008797582961851791,-0.003742874983698211,0.005054707978153578,0.004890616269669466,,
STD_L06_FULL_W10_OBS_DECOUPLE,1,west_decel,west,z3,0.0014421088558738138,-0.0016347460938850415,-0.00019263723801122754,-0.00016716846925740513,,
STD_L06_FULL_W10_OBS_DECOUPLE,1,west_decel,west,as,0.0,-0.019015615633339776,-0.019015615633339776,-0.018986710459377342,,
STD_L06_FULL_W10_OBS_DECOUPLE,1,west_decel,west,pas,4.113699193112072e-06,-0.006526997959474097,-0.006522884260280984,-0.006471115337580346,,
STD_L06_FULL_W10_OBS_DECOUPLE,1,west_decel,west,final,0.02967164606309951,-0.01832898731296889,0.011342658750130621,0.010966513312716473,,
STD_L06_FULL_W10_OBS_DECOUPLE,1,movement,all,position,0.025140280386004087,-0.02814087870897497,-0.0030005983229708837,-0.00012520208215775996,0.0,
STD_L06_FULL_W10_OBS_DECOUPLE,1,movement,all,tracking,0.05273742775765035,-0.09075296652558786,-0.03801553876793751,-0.0015481226821951889,0.0,
STD_L06_FULL_W10_OBS_DECOUPLE,1,movement,all,observer_error,0.0,0.0,0.0,0.0,0.0,
STD_L06_FULL_W10_OBS_DECOUPLE,1,movement,all,velocity_total,0.05273742775765035,-0.09075296652558786,-0.03801553876793751,-0.0015481226821951889,0.0,
STD_L06_FULL_W10_OBS_DECOUPLE,1,movement,all,nominal,0.05895304866835785,-0.0999691855506767,-0.04101613688231885,-0.0016733247554780156,0.0,
STD_L06_FULL_W10_OBS_DECOUPLE,1,movement,all,z3,0.037756258278917855,-0.0353445092462225,0.0024117490326953594,9.866008029120415e-05,0.0,
STD_L06_FULL_W10_OBS_DECOUPLE,1,movement,all,as,0.0,-0.24725626568044234,-0.24725626568044234,-0.00999306076889098,0.0,
STD_L06_FULL_W10_OBS_DECOUPLE,1,movement,all,pas,2.896071291616136e-05,-0.050651168843513006,-0.050622208130596855,-0.0020418767396981627,0.0,
STD_L06_FULL_W10_OBS_DECOUPLE,1,movement,all,final,0.25452037636797814,-0.35913496807095185,-0.10461459170297367,-0.004257058217845028,0.0,
STD_L06_FULL_W10_OBS_DECOUPLE,1,movement_accel,all,position,0.007957269409777817,-0.0019252950481859453,0.006031974361591872,0.0015106331492630268,,
STD_L06_FULL_W10_OBS_DECOUPLE,1,movement_accel,all,tracking,0.01830240789899822,-0.012876237906297189,0.005426169992701032,0.001383437084297904,,
STD_L06_FULL_W10_OBS_DECOUPLE,1,movement_accel,all,observer_error,0.0,0.0,0.0,0.0,,
STD_L06_FULL_W10_OBS_DECOUPLE,1,movement_accel,all,velocity_total,0.01830240789899822,-0.012876237906297189,0.005426169992701032,0.001383437084297904,,
STD_L06_FULL_W10_OBS_DECOUPLE,1,movement_accel,all,nominal,0.02546564274791657,-0.014007498230255676,0.01145814451766089,0.002894070275233045,,
STD_L06_FULL_W10_OBS_DECOUPLE,1,movement_accel,all,z3,0.01355389425926842,-0.001974279342633961,0.011579614916634461,0.002896293243374967,,
STD_L06_FULL_W10_OBS_DECOUPLE,1,movement_accel,all,as,0.0,-0.0703869109105393,-0.0703869109105393,-0.01755228901159309,,
STD_L06_FULL_W10_OBS_DECOUPLE,1,movement_accel,all,pas,0.0,-0.02297279696818441,-0.02297279696818441,-0.005747677594380624,,
STD_L06_FULL_W10_OBS_DECOUPLE,1,movement_accel,all,final,0.12339700391616501,-0.0914382444308282,0.03195875948533682,0.00802440709591622,,
STD_L06_FULL_W10_OBS_DECOUPLE,1,movement_cruise,all,position,0.0114826331072968,-0.024009014205488666,-0.012526381098191867,-0.0007429681239826717,,
STD_L06_FULL_W10_OBS_DECOUPLE,1,movement_cruise,all,tracking,0.010203426259923968,-0.059025448223097625,-0.04882202196317366,-0.002902803154240077,,
STD_L06_FULL_W10_OBS_DECOUPLE,1,movement_cruise,all,observer_error,0.0,0.0,0.0,0.0,,
STD_L06_FULL_W10_OBS_DECOUPLE,1,movement_cruise,all,velocity_total,0.010203426259923968,-0.059025448223097625,-0.04882202196317366,-0.002902803154240077,,
STD_L06_FULL_W10_OBS_DECOUPLE,1,movement_cruise,all,nominal,0.005785471522696727,-0.06713387465754886,-0.06134840313485213,-0.0036457712818936242,,
STD_L06_FULL_W10_OBS_DECOUPLE,1,movement_cruise,all,z3,0.0179126769210416,-0.027854971484275643,-0.00994229456323404,-0.0005863226558925784,,
STD_L06_FULL_W10_OBS_DECOUPLE,1,movement_cruise,all,as,0.0,-0.09097355657575319,-0.09097355657575319,-0.0054240331528188105,,
STD_L06_FULL_W10_OBS_DECOUPLE,1,movement_cruise,all,pas,1.0001840491896551e-05,-0.0009417956429096955,-0.0009317938024177991,-6.175019773652421e-05,,
STD_L06_FULL_W10_OBS_DECOUPLE,1,movement_cruise,all,final,0.008683334885110153,-0.17268756181762568,-0.16400422693251548,-0.009765765218191363,,
STD_L06_FULL_W10_OBS_DECOUPLE,1,movement_decel,all,position,0.005679742058219675,-0.0022065694553003623,0.0034731726029193126,0.0008413303174969947,,
STD_L06_FULL_W10_OBS_DECOUPLE,1,movement_decel,all,tracking,0.024115481110406154,-0.018842046224366638,0.0052734348860395165,0.001208961234543073,,
STD_L06_FULL_W10_OBS_DECOUPLE,1,movement_decel,all,observer_error,0.0,0.0,0.0,0.0,,
STD_L06_FULL_W10_OBS_DECOUPLE,1,movement_decel,all,velocity_total,0.024115481110406154,-0.018842046224366638,0.0052734348860395165,0.001208961234543073,,
STD_L06_FULL_W10_OBS_DECOUPLE,1,movement_decel,all,nominal,0.0275663445820683,-0.018819736981357128,0.008746607600711172,0.002050291582878131,,
STD_L06_FULL_W10_OBS_DECOUPLE,1,movement_decel,all,z3,0.006234562223449741,-0.005515258419312891,0.0007193038041368504,0.00019897657941480245,,
STD_L06_FULL_W10_OBS_DECOUPLE,1,movement_decel,all,as,0.0,-0.08583005592341988,-0.08583005592341988,-0.021454606475379272,,
STD_L06_FULL_W10_OBS_DECOUPLE,1,movement_decel,all,pas,1.895887242426481e-05,-0.026649752916127895,-0.02663079404370363,-0.006617990567520786,,
STD_L06_FULL_W10_OBS_DECOUPLE,1,movement_decel,all,final,0.12220836253790192,-0.09493697087466725,0.02727139166323468,0.006487579848575655,,
STD_L06_FULL_W10_OBS_DECOUPLE,1,normal_hover,all,position,0.006692278923963615,-0.012886076513975097,-0.006193797590011481,-0.00030429251256585023,0.0,
STD_L06_FULL_W10_OBS_DECOUPLE,1,normal_hover,all,tracking,0.008712207053861682,-0.03979040394954797,-0.03107819689568629,-0.0015131068035180285,0.0,
STD_L06_FULL_W10_OBS_DECOUPLE,1,normal_hover,all,observer_error,0.0,0.0,0.0,0.0,0.0,
STD_L06_FULL_W10_OBS_DECOUPLE,1,normal_hover,all,velocity_total,0.008712207053861682,-0.03979040394954797,-0.03107819689568629,-0.0015131068035180285,0.0,
STD_L06_FULL_W10_OBS_DECOUPLE,1,normal_hover,all,nominal,0.005072300014276133,-0.042344294228580964,-0.03727199421430483,-0.0018173993027913852,0.0,
STD_L06_FULL_W10_OBS_DECOUPLE,1,normal_hover,all,z3,0.006489647257984064,-0.006277860196496471,0.00021178706148759318,1.1417316757322514e-05,0.0,
STD_L06_FULL_W10_OBS_DECOUPLE,1,normal_hover,all,as,0.0,-0.06139298202105266,-0.06139298202105266,-0.0029890082685738607,0.0,
STD_L06_FULL_W10_OBS_DECOUPLE,1,normal_hover,all,pas,3.3861192787305336e-07,-0.00031980504660532663,-0.00031946643467745356,-1.5394488949376042e-05,0.0,
STD_L06_FULL_W10_OBS_DECOUPLE,1,normal_hover,all,final,0.003484238437538848,-0.10225689356787673,-0.09877265513033787,-0.0048103847164241475,0.0,
STD_L06_FULL_W10_OBS_DECOUPLE,1,final_10s,all,position,0.002459885454114612,-0.002193651642174954,0.000266233811939658,2.4114926673684066e-05,2.0603429155307427e-06,
STD_L06_FULL_W10_OBS_DECOUPLE,1,final_10s,all,tracking,0.002496549302831711,-0.008884975312775614,-0.006388426009943904,-0.0006358625519176712,1.9744312483853205e-05,
STD_L06_FULL_W10_OBS_DECOUPLE,1,final_10s,all,observer_error,0.0,0.0,0.0,0.0,0.0,
STD_L06_FULL_W10_OBS_DECOUPLE,1,final_10s,all,velocity_total,0.002496549302831711,-0.008884975312775614,-0.006388426009943904,-0.0006358625519176712,1.9744312483853205e-05,
STD_L06_FULL_W10_OBS_DECOUPLE,1,final_10s,all,nominal,0.0016354879145869757,-0.007757680141483366,-0.00612219222689639,-0.000611747628109191,2.4031917741983964e-05,
STD_L06_FULL_W10_OBS_DECOUPLE,1,final_10s,all,z3,0.0009341707413047515,-0.0013392932906079965,-0.00040512254930324504,-4.045575993524606e-05,4.288246834518065e-06,
STD_L06_FULL_W10_OBS_DECOUPLE,1,final_10s,all,as,0.0,-0.00629865809579191,-0.00629865809579191,-0.0006419090711088312,2.4138347871787696e-07,
STD_L06_FULL_W10_OBS_DECOUPLE,1,final_10s,all,pas,0.0,-0.00012549099227908628,-0.00012549099227908628,-1.2549099227908301e-05,2.3336102925566794e-12,
STD_L06_FULL_W10_OBS_DECOUPLE,1,final_10s,all,final,0.0011310212349420435,-0.014082485283807384,-0.012951464048865338,-0.00130666157672405,4.039089123324269e-05,
STD_L06_PID_AS,1,route,all,nominal,0.0,0.0,0.0,0.0,,
STD_L06_PID_AS,1,route,all,as,0.0,-0.2541532421268763,-0.2541532421268763,-0.003931852042366214,,
STD_L06_PID_AS,1,route,all,final,0.24821328204209542,-0.386057525100725,-0.13784424305862958,-0.00214776518355661,,
STD_L06_PID_AS,1,route,all,pas,,,0.0,,,net exact by linearity; positive/negative split unavailable in legacy aggregate
STD_L06_PID_AS_PAS,1,route,all,nominal,0.0,0.0,0.0,0.0,,
STD_L06_PID_AS_PAS,1,route,all,as,0.0,-0.22755435628181672,-0.22755435628181672,-0.0033303946559423074,,
STD_L06_PID_AS_PAS,1,route,all,final,0.20752812135420778,-0.34022947335293824,-0.13270135199873045,-0.002024563579014976,,
STD_L06_PID_AS_PAS,1,route,all,pas,,,-0.18354196410559928,,,net exact by linearity; positive/negative split unavailable in legacy aggregate
STD_L06_PID_AS_PAS,2,route,all,nominal,0.0,0.0,0.0,0.0,,
STD_L06_PID_AS_PAS,2,route,all,as,0.0,-0.23636965647498231,-0.23636965647498231,-0.0037097383288209633,,
STD_L06_PID_AS_PAS,2,route,all,final,0.21606478934238565,-0.3689240299623228,-0.15285924061993716,-0.0022891219720834167,,
STD_L06_PID_AS_PAS,2,route,all,pas,,,-0.16866738178294177,,,net exact by linearity; positive/negative split unavailable in legacy aggregate
